"G","GG","GGG","GGGS","Stichwort_G","Löschen","A","AA","AAA","AAAS","Stichwort_A","Ausgabe","Nummer","Seite","ID","Coder"
0,0,0,,,false,3,9,0,,Erdbeben,1759-09-05 00:00:00.000,71,3,3006834,tc
0,0,0,,,false,3,9,0,,Unwetter und Brand,1761-06-20 00:00:00.000,49,5,3011986,hjh
1,0,0,,,false,3,9,0,,Erdbeben,1756-01-14 00:00:00.000,4,9,1000213,MF
1,1,0,,,false,3,9,0,,Überschwemmung,1762-06-02 00:00:00.000,44,9,4000928,mf
1,1,1,,,false,3,9,0,,Erdbeben,1758-03-01 00:00:00.000,17,2,3004096,hjh
1,1,1,,,false,3,9,0,,Erdbeben,1756-01-21 00:00:00.000,6,4,1000298,MF
1,1,1,,,false,3,9,0,,Erdbeben,1761-05-02 00:00:00.000,35,2,3010393,hjh
1,1,1,,,false,3,9,0,,Erdbeben,1757-11-19 00:00:00.000,93,1,1004947,mf
1,1,1,,,false,3,9,0,,Erdbeben,1756-12-15 00:00:00.000,100,1,3003257,TC
1,1,1,,,false,3,9,0,,Erdbeben,1756-01-31 00:00:00.000,9,9,1000442,MF
1,1,1,,,false,3,9,0,,Erdbeben,1756-01-03 00:00:00.000,1,1,1000005,MF
1,1,1,,,false,3,9,0,,Erdbeben,1756-03-17 00:00:00.000,22,1,1000925,MF
1,1,1,,,false,3,9,0,,Erdbeben,1756-03-13 00:00:00.000,21,1,1000886,MF
1,1,1,,,false,3,9,0,,Erdbeben,1761-05-13 00:00:00.000,38,2,3010619,hjh
1,1,1,,,false,3,9,0,,Erdbeben,1756-02-04 00:00:00.000,10,2,1000466,MF
1,1,1,,,false,3,9,0,,Erdbeben,1756-12-11 00:00:00.000,99,2,3003196,tc
1,1,1,,,false,3,9,0,,Erdbeben,1757-05-21 00:00:00.000,41,5,1002939,mf
1,1,1,,,false,3,9,0,,Erdbeben,1756-01-10 00:00:00.000,3,1,1000115,MF
1,1,1,,,false,3,9,0,,Erdbeben,1756-01-07 00:00:00.000,2,11,1000108,MF
1,1,1,,,false,3,9,0,,Erdbeben,1757-06-15 00:00:00.000,48,2,1003232,mf
1,1,1,,,false,3,9,0,,Erdbeben,1756-12-18 00:00:00.000,101,1,3006403,tc
1,1,1,,,false,3,9,0,,Erdbeben,1757-12-31 00:00:00.000,105,4,1005458,mf
1,1,1,,,false,3,9,0,,Erdbeben,1756-02-28 00:00:00.000,17,1,1000755,MF
1,1,1,,,false,3,9,0,,Erdbeben,1757-09-14 00:00:00.000,74,5,1004244,mf
1,1,1,,,false,3,9,0,,Erdbeben,1756-02-18 00:00:00.000,14,3,1000668,MF
1,1,1,,,false,3,9,0,,Erdbeben,1756-02-18 00:00:00.000,14,2,1000658,MF
1,1,1,,,false,3,9,0,,Erdbeben,1757-12-10 00:00:00.000,99,1,1005221,mf
1,1,1,,,false,3,9,0,,Erdbeben,1757-04-23 00:00:00.000,33,2,1002531,mf
1,1,1,,,false,3,9,0,,Erdbeben,1756-01-28 00:00:00.000,8,9,1000397,MF
1,1,1,,,false,3,9,0,,Erdbeben,1756-09-01 00:00:00.000,70,1,3000936,bh
1,1,1,,,false,3,9,0,,Erdbeben,1761-06-06 00:00:00.000,45,2,3011681,hjh
1,1,1,,,false,3,9,0,,Erdbeben,1757-03-19 00:00:00.000,23,2,1002070,mf
1,1,1,,,false,3,9,0,,Erdbeben,1756-01-14 00:00:00.000,4,1,1000173,MF
1,1,1,,,false,3,9,0,,Erdbeben,1757-02-02 00:00:00.000,10,1,1001531,mf
1,1,1,,,false,3,9,0,,Erdbeben,1756-01-28 00:00:00.000,8,4,1000381,MF
1,1,1,,,false,3,9,0,,Erdbeben,1761-05-16 00:00:00.000,39,3,3010689,hjh
1,1,1,,,false,3,9,0,,Erdbeben,1758-07-26 00:00:00.000,59,1,2001176,ek
1,1,1,,,false,3,9,0,M,Erdbeben,1756-01-03 00:00:00.000,1,1,1000001,MF
1,1,1,,,false,3,9,0,,Erdbeben,1756-01-31 00:00:00.000,9,1,1000398,MF
1,1,1,,,false,3,9,0,,Erdbeben,1756-01-17 00:00:00.000,5,4,1000253,MF
1,1,1,,,false,3,9,0,,Erdbeben,1756-04-21 00:00:00.000,32,1,3000321,hjh
1,1,1,,,false,3,9,0,,Erdbeben,1756-01-14 00:00:00.000,4,4,1000199,MF
1,1,1,,,false,3,9,0,,Erdbeben,1756-01-24 00:00:00.000,7,2,1000337,MF
1,1,1,,,false,3,9,0,,Erdbeben,1756-07-17 00:00:00.000,57,1,2000424,ek
1,1,1,,,false,3,9,0,,Erdbeben,1756-12-25 00:00:00.000,103,1,4000203,tc
1,1,1,,,false,3,9,0,,Erdbeben,1756-11-06 00:00:00.000,89,1,4001540,mf
1,1,1,,,false,3,9,0,,Erdbeben,1759-06-16 00:00:00.000,48,5,4001851,jb
1,1,1,,,false,3,9,0,,Erdbeben,1756-10-27 00:00:00.000,86,1,5000023,mf
1,1,1,,,false,3,9,0,,Erdbeben Geschichte der Katastrophen,1756-01-07 00:00:00.000,2,9,1000102,MF
1,1,1,,,false,3,9,0,,Erdbeben/Sturm,1758-05-13 00:00:00.000,38,5,3006250,hjh
1,1,1,,,false,3,9,0,,Erdbebenfolgen,1756-10-06 00:00:00.000,80,1,3001662,BH
1,1,1,,,false,3,9,0,,Erdbebenfolgen,1756-06-19 00:00:00.000,49,1,2000124,ek
1,1,1,,,false,3,9,0,,Erdbebenfolgen,1756-10-09 00:00:00.000,81,1,3001716,BH
1,1,1,,,false,3,9,0,,Erdbebenfolgen,1761-05-16 00:00:00.000,39,3,3010690,hjh
1,1,1,,,false,3,9,0,,Feuersbrunst,1756-09-01 00:00:00.000,70,1,3000937,bh
1,1,1,,,false,3,9,0,P,Frz. Trp. stranden an portug. Küste,1759-10-27 00:00:00.000,86,3,3010131,tc
1,1,1,,,false,3,9,0,,Großbrand,1756-08-14 00:00:00.000,65,1,2000700,ek
1,1,1,,,false,3,9,0,,Heuschreckenplage,1756-08-14 00:00:00.000,65,1,2000702,ek
1,1,1,,,false,3,9,0,,Kälte,1757-01-19 00:00:00.000,6,2,1001340,mf
1,1,1,,,false,3,9,0,,Kein Erdbeben,1756-04-10 00:00:00.000,29,1,3000164,hjh
1,1,1,,,false,3,9,0,,Stürmisches Unwetter,1756-07-17 00:00:00.000,57,1,2000423,ek
1,1,1,,,false,3,9,0,,Überschwemmung,1756-01-21 00:00:00.000,6,4,1000304,MF
1,1,2,,,false,3,9,0,,Erdbeben,1756-02-28 00:00:00.000,17,1,1000755,MF
1,1,2,,,false,3,9,0,,Erdbeben,1756-01-10 00:00:00.000,3,2,1000121,MF
1,1,2,,,false,3,9,0,,Erdbeben,1756-03-20 00:00:00.000,23,1,1000964,MF
1,1,2,,,false,3,9,0,,Erdbeben,1756-02-18 00:00:00.000,14,2,1000658,MF
1,1,2,,,false,3,9,0,,Erdbeben,1756-01-24 00:00:00.000,7,1,1000328,MF
1,1,2,,,false,3,9,0,,Erdbeben,1756-04-28 00:00:00.000,34,1,3000453,hjh
1,1,2,,,false,3,9,0,,Erdbeben,1756-01-10 00:00:00.000,3,3,1000136,MF
1,1,2,,,false,3,9,0,,Erdbeben,1761-05-02 00:00:00.000,35,2,3010400,hjh
1,1,2,,,false,3,9,0,,Erdbeben,1761-06-03 00:00:00.000,44,1,3011592,hjh
1,1,2,,,false,3,9,0,,Erdbeben,1756-01-17 00:00:00.000,5,3,1000249,MF
1,1,2,,,false,3,9,0,,Erdbeben,1756-01-28 00:00:00.000,8,1,1000364,MF
1,1,2,,,false,3,9,0,,Erdbeben,1756-01-17 00:00:00.000,5,4,1000253,MF
1,1,2,,,false,3,9,0,M,Erdbeben,1756-01-03 00:00:00.000,1,1,1000001,MF
1,1,2,,,false,3,9,0,,Erdbeben,1756-12-25 00:00:00.000,103,1,4000203,tc
1,1,2,,,false,3,9,0,,Erdbeben (ausführlicher Bericht),1756-05-08 00:00:00.000,37,9,3000666,hjh
1,1,2,,,false,3,9,0,,Erdbeben/Neue Felsen im Meer,1756-02-14 00:00:00.000,13,9,1000625,MF
1,1,2,,,false,3,9,0,,Feuersbrunst durch Brand in Schmelzerei,1758-04-22 00:00:00.000,32,4,3005680,hjh
1,1,2,,,false,3,9,0,,Madrider Kapuzinerkirche abgebrannt,1761-10-14 00:00:00.000,82,1,2005581,EK
1,1,2,,,false,3,9,0,,Pulvermagasinsexplosion,1757-04-20 00:00:00.000,32,6,1002503,mf
1,1,2,,,false,3,9,0,,Seesturm bei Cadix,1760-02-16 00:00:00.000,14,5,4002258,an
1,1,2,,,false,3,9,0,,Sturm,1759-03-07 00:00:00.000,19,2,5001317,mf
1,1,2,,,false,3,9,0,,Sturmwetter in Andalusien,1761-11-14 00:00:00.000,91,1,2006151,EK
1,1,2,,,false,3,9,0,,Ungewöhnliche Kälte,1757-04-09 00:00:00.000,29,2,1002336,mf
1,1,2,,,false,3,9,0,,Ungewöhnliche Kälte,1757-04-02 00:00:00.000,27,4,1002265,mf
1,1,2,z,,false,3,9,0,,Erdbeben,1759-09-05 00:00:00.000,71,6,3006847,tc
1,1,3,,,false,3,9,0,,,1756-10-09 00:00:00.000,81,1,3001717,BH
1,1,3,,,false,3,9,0,,"""Feuersäule"" verursacht merkwürdige Brände",1759-07-07 00:00:00.000,54,5,2006327,jb
1,1,3,,,false,3,9,0,,"""Fürchterliche Luftbegebenheit"" - Komet (?) bei Dijon",1761-12-23 00:00:00.000,102,2,2006711,ek
1,1,3,,,false,3,9,0,,Beobachtung eines Kometen,1759-04-25 00:00:00.000,33,5,2507776,BH
1,1,3,,,false,3,9,0,,Blitzeinschlag in Kirchturm,1761-06-24 00:00:00.000,50,9,3012060,hjh
1,1,3,,,false,3,9,0,,Blitzschlag in d. Abtei St. Genevieve,1760-05-21 00:00:00.000,41,2,2507976,EK
1,1,3,,,false,3,9,0,,Blitzschlag trifft Sraßburer Münster,1759-08-15 00:00:00.000,65,5,2007074,jb
1,1,3,,,false,3,9,0,,Brandfall,1756-01-31 00:00:00.000,9,9,1000441,MF
1,1,3,,,false,3,9,0,,Ein entsetzlicher Nordwind,1757-03-23 00:00:00.000,24,1,1002108,mf
1,1,3,,,false,3,9,0,,Ein kurioser Blitz,1757-08-31 00:00:00.000,70,3,1004087,mf
1,1,3,,,false,3,9,0,,Ende d. Überschwemmung,1756-04-03 00:00:00.000,27,3,3000086,hjh
1,1,3,,,false,3,9,0,,Ende d. Überschwemmung,1756-04-03 00:00:00.000,27,3,3000086,hjh
1,1,3,,,false,3,9,0,P,Engl. Schiff explodiert,1760-05-28 00:00:00.000,43,5,2007730,EK
1,1,3,,,false,3,9,0,,Erdbeben,1759-12-08 00:00:00.000,98,5,3011108,tc
1,1,3,,,false,3,9,0,,Erdbeben,1756-01-24 00:00:00.000,7,4,1000344,MF
1,1,3,,,false,3,9,0,,Erdbeben,1756-05-26 00:00:00.000,42,2,3001076,hjh
1,1,3,,,false,3,9,0,,Erdbeben,1761-05-02 00:00:00.000,35,2,3010401,hjh
1,1,3,,,false,3,9,0,,Erdbeben,1756-03-10 00:00:00.000,20,2,1000868,MF
1,1,3,,,false,3,9,0,,Erdbeben,1756-03-10 00:00:00.000,20,2,1000874,MF
1,1,3,,,false,3,9,0,,Erdbeben,1756-02-04 00:00:00.000,10,10,1000488,MF
1,1,3,,,false,3,9,0,,Erdbeben,1756-02-11 00:00:00.000,12,3,1000565,MF
1,1,3,,,false,3,9,0,,Erdbeben,1757-11-23 00:00:00.000,94,4,1005026,mf
1,1,3,,,false,3,9,0,,Erdbeben,1756-02-11 00:00:00.000,12,2,1000564,MF
1,1,3,,,false,3,9,0,,Erdbeben,1757-11-30 00:00:00.000,96,3,1005118,mf
1,1,3,,,false,3,9,0,,Erdbeben,1756-01-03 00:00:00.000,1,4,1000018,MF
1,1,3,,,false,3,9,0,,Erdbeben,1756-01-03 00:00:00.000,1,5,1000025,MF
1,1,3,,,false,3,9,0,,Erdbeben,1757-02-26 00:00:00.000,17,2,1001830,mf
1,1,3,,,false,3,9,0,,Erdbeben,1761-05-27 00:00:00.000,42,3,3011498,hjh
1,1,3,,,false,3,9,0,,Erdbeben,1759-09-15 00:00:00.000,74,5,3007650,tc
1,1,3,,,false,3,9,0,,Erdbeben ?,1761-02-28 00:00:00.000,17,1,3008929,hjh
1,1,3,,,false,3,9,0,,"Erdbeben,",1756-01-21 00:00:00.000,6,3,1000290,MF
1,1,3,,,false,3,9,0,,Erdbebenmeldung aus Frankreich,1760-03-29 00:00:00.000,26,9,4002540,an
1,1,3,,,false,3,9,0,M,Explosion des Pulvermagazins in Dünkirchen,1759-09-19 00:00:00.000,75,2,3007894,tc
1,1,3,,,false,3,9,0,,Feuersbrunst,1756-12-01 00:00:00.000,96,2,3003021,TC
1,1,3,,,false,3,9,0,,Feuersbrunst,1761-02-14 00:00:00.000,13,3,3008740,hjh
1,1,3,,,false,3,9,0,,Feuersbrunst,1758-06-21 00:00:00.000,49,2,3007669,hjh
1,1,3,,,false,3,9,0,,Feuersbrunst,1760-10-25 00:00:00.000,86,4,2007687,HJH
1,1,3,,,false,3,9,0,,Feuersbrunst,1761-06-20 00:00:00.000,49,4,3011972,hjh
1,1,3,,,false,3,9,0,,Feuersbrunst im Hafen,1756-05-01 00:00:00.000,35,3,3000539,hjh
1,1,3,,,false,3,9,0,,Feuersbrunst in Paris,1762-04-03 00:00:00.000,27,4,4000559,mf
1,1,3,,,false,3,9,0,P,Frz. Schiffe gesunken,1760-12-24 00:00:00.000,103,9,2008054,HJH
1,1,3,,,false,3,9,0,P,Frz. Trp. stranden an portug. Küste,1759-10-27 00:00:00.000,86,3,3010131,tc
1,1,3,,,false,3,9,0,,Gewitter,1759-08-01 00:00:00.000,61,6,2006761,jb
1,1,3,,,false,3,9,0,,Gewitter,1756-09-08 00:00:00.000,72,3,3001364,BH
1,1,3,,,false,3,9,0,,Gewitter,1756-09-15 00:00:00.000,74,2,3001426,BH
1,1,3,,,false,3,9,0,,Gewitter zerstört Kirche,1759-07-28 00:00:00.000,60,6,4002029,jb
1,1,3,,,false,3,9,0,,Hafenbrand,1756-07-31 00:00:00.000,61,2,2000580,ek
1,1,3,,,false,3,9,0,,Heftiger Hagel in Anjou,1760-08-02 00:00:00.000,62,3,5000423,mf
1,1,3,,,false,3,9,0,,Heftiges Gewitter mit Kugelblitz in Paris,1762-09-15 00:00:00.000,74,3,1005569,mf
1,1,3,,,false,3,9,0,,Hochwasser im Rhein,1757-10-08 00:00:00.000,81,5,1004490,mf
1,1,3,,,false,3,9,0,,Komentenbeobachtung,1760-01-30 00:00:00.000,9,3,4002763,an
1,1,3,,,false,3,9,0,,Meteor,1756-04-07 00:00:00.000,28,2,3000127,hjh
1,1,3,,,false,3,9,0,,Orkan,1756-04-28 00:00:00.000,34,3,3000481,hjh
1,1,3,,,false,3,9,0,,Orkan,1761-06-24 00:00:00.000,50,9,3012058,hjh
1,1,3,,,false,3,9,0,,Orkan,1761-06-24 00:00:00.000,50,2,3012025,hjh
1,1,3,,,false,3,9,0,M,Quartier von Gl. Armentiers abgebrannt,1758-09-20 00:00:00.000,75,4,2002523,EK
1,1,3,,,false,3,9,0,,Russ. Kriegsschiff explodiert,1758-10-14 00:00:00.000,82,3,2003103,ek
1,1,3,,,false,3,9,0,,Schwefliger Regen,1761-05-20 00:00:00.000,40,2,3011371,hjh
1,1,3,,,false,3,9,0,,Seestürme an frz. Küste,1760-02-06 00:00:00.000,11,10,4002198,an
1,1,3,,,false,3,9,0,,Sturm,1761-02-28 00:00:00.000,17,1,3008928,hjh
1,1,3,,,false,3,9,0,,Sturm,1756-03-17 00:00:00.000,22,3,1000943,MF
1,1,3,,,false,3,9,0,P,Sturm,1756-06-16 00:00:00.000,48,3,2000096,ek
1,1,3,,,false,3,9,0,,Sturm und Hagel,1756-09-29 00:00:00.000,78,2,3001581,BH
1,1,3,,,false,3,9,0,P,Sturm zerstört engl. Flotte,1759-06-06 00:00:00.000,45,4,4001715,jb
1,1,3,,,false,3,9,0,,Sturmwind,1756-03-17 00:00:00.000,22,4,1000946,MF
1,1,3,,,false,3,9,0,,Sturmwind,1757-04-30 00:00:00.000,35,10,1002659,mf
1,1,3,,,false,3,9,0,,Überschwemmung,1756-01-21 00:00:00.000,6,3,1000289,MF
1,1,3,,,false,3,9,0,,Überschwemmung,1756-01-03 00:00:00.000,1,3,1000017,MF
1,1,3,,,false,3,9,0,,Überschwemmung,1757-02-23 00:00:00.000,16,3,1001789,mf
1,1,3,,,false,3,9,0,,Überschwemmung,1756-02-04 00:00:00.000,10,2,1000463,MF
1,1,3,,,false,3,9,0,,Überschwemmung,1756-09-29 00:00:00.000,78,2,3001583,BH
1,1,3,,,false,3,9,0,,Überschwemmung,1757-03-16 00:00:00.000,22,2,1002027,mf
1,1,3,,,false,3,9,0,,Überschwemmung,1756-02-14 00:00:00.000,13,2,1000599,MF
1,1,3,,,false,3,9,0,,Überschwemmung,1756-01-24 00:00:00.000,7,4,1000345,MF
1,1,3,,,false,3,9,0,,Überschwemmung,1756-01-10 00:00:00.000,3,3,1000133,MF
1,1,3,,,false,3,9,0,,Überschwemmung,1760-02-23 00:00:00.000,16,3,4002294,an
1,1,3,,,false,3,9,0,,Ungemeiner Wind,1757-04-27 00:00:00.000,34,3,1002579,mf
1,1,3,,,false,3,9,0,,Unwetter über Paris - Schäden,1760-05-14 00:00:00.000,39,4,2507958,EK
1,1,3,,,false,3,9,0,,Unwetterschäden in d. Picardie,1760-06-04 00:00:00.000,45,3,2007776,EK
1,1,3,,,false,3,9,0,M,Verlust der frz. Armee vom Sturmwind,1757-09-07 00:00:00.000,72,4,1004163,mf
1,1,3,,,false,3,9,0,,Wirbelsturm,1759-08-29 00:00:00.000,69,5,2007475,jb
1,1,3,,,false,3,9,0,,Wolkenbruch,1760-02-09 00:00:00.000,12,3,4002205,an
1,1,4,,,false,3,9,0,,Erdbeben,1756-01-14 00:00:00.000,4,4,1000199,MF
1,1,4,,,false,3,9,0,,Erdbeben,1759-09-08 00:00:00.000,72,5,3006888,tc
1,1,4,,,false,3,9,0,,Erdbeben,1756-01-10 00:00:00.000,3,5,1000158,MF
1,1,4,,,false,3,9,0,,Erdbeben,1760-02-13 00:00:00.000,13,4,4002226,an
1,1,4,,,false,3,9,0,,Erdbeben,1762-08-14 00:00:00.000,65,2,4001378,mf
1,1,4,,,false,3,9,0,,Großbrand,1756-06-30 00:00:00.000,52,4,2000261,ek
1,1,5,,,false,3,9,0,,Brand im Haag,1757-12-21 00:00:00.000,102,4,1005352,mf
1,1,5,,,false,3,9,0,,Brandfall in Amsterdam,1762-10-30 00:00:00.000,87,2,5000821,mf
1,1,5,,,false,3,9,0,,Erdbeben,1758-09-09 00:00:00.000,72,5,2002305,ek
1,1,5,,,false,3,9,0,,Erdbeben,1761-05-02 00:00:00.000,35,2,3010402,hjh
1,1,5,,,false,3,9,0,,Erdbeben,1758-09-02 00:00:00.000,70,5,2002139,EK
1,1,5,,,false,3,9,0,,Erdbeben,1756-03-06 00:00:00.000,19,3,1000842,MF
1,1,5,,,false,3,9,0,,Erdbeben,1756-06-30 00:00:00.000,52,3,2000260,ek
1,1,5,,,false,3,9,0,,Erdbeben + Lufterscheinung,1756-03-13 00:00:00.000,21,2,1000894,MF
1,1,5,,,false,3,9,0,,Erdbeben ins Meer,1756-02-04 00:00:00.000,10,9,1000487,MF
1,1,5,,,false,3,9,0,,Erdbebenfolgen,1761-05-02 00:00:00.000,35,2,3010403,hjh
1,1,5,,,false,3,9,0,,Explosion des Pulvermagazins in Maastricht,1762-01-01 00:00:00.000,1,2,1005484,mf
1,1,5,,,false,3,9,0,,Explosion des Pulvermagazins in Maastricht,1762-01-02 00:00:00.000,2,3,1005514,mf
1,1,5,,,false,3,9,0,,Feuersbrunst,1758-06-10 00:00:00.000,46,5,3007336,hjh
1,1,5,,,false,3,9,0,,Feuersbrunst löschen,1756-05-26 00:00:00.000,42,3,3001094,hjh
1,1,5,,,false,3,9,0,,Hochwasser,1757-03-26 00:00:00.000,25,4,1002167,mf
1,1,5,,,false,3,9,0,,Kometenbeobachtung in Sachsen und Holland,1760-01-30 00:00:00.000,9,4,4002766,an
1,1,5,,,false,3,9,0,,"Pulverturm in die Luft ""gesprungen""",1758-09-02 00:00:00.000,70,5,2002140,EK
1,1,5,,,false,3,9,0,,Sturm 7.10.56,1756-10-30 00:00:00.000,87,4,5000086,mf
1,1,5,,,false,3,9,0,,Sturm 7.10.56,1756-11-10 00:00:00.000,90,3,5000131,mf
1,1,5,,,false,3,9,0,,Sturm vor Ostende,1758-01-14 00:00:00.000,4,3,3002194,hjh
1,1,5,,,false,3,9,0,,Überschwemmung,1757-03-23 00:00:00.000,24,2,1002117,mf
1,1,5,,,false,3,9,0,,Überschwemmung,1761-01-07 00:00:00.000,2,5,3008117,hjh
1,1,5,,,false,3,9,0,,Überschwemmung,1756-02-04 00:00:00.000,10,9,1000485,MF
1,1,5,,,false,3,9,0,,Überschwemmung,1757-03-19 00:00:00.000,23,3,1002074,mf
1,1,5,,,false,3,9,0,,Überschwemmung,1756-02-18 00:00:00.000,14,3,1000674,MF
1,1,5,,,false,3,9,0,,Überschwemmung des Rheins in Holland,1760-02-16 00:00:00.000,14,1,4002244,an
1,1,5,,,false,3,9,0,,Überschwemmung in Holland,1760-02-27 00:00:00.000,17,3,4002314,an
1,1,6,,,false,3,9,0,,Erdbeben,1756-01-03 00:00:00.000,1,5,1000035,MF
1,1,6,,,false,3,9,0,,Erdbeben,1756-01-24 00:00:00.000,7,4,1000344,MF
1,1,6,,,false,3,9,0,,Erdbeben,1756-01-03 00:00:00.000,1,4,1000018,MF
1,1,6,,,false,3,9,0,,Erdbeben,1756-02-11 00:00:00.000,12,1,1000549,MF
1,1,6,,,false,3,9,0,,Erdbeben,1756-02-04 00:00:00.000,10,10,1000488,MF
1,1,6,,,false,3,9,0,,Erdbeben,1759-12-08 00:00:00.000,98,5,3011108,tc
1,1,6,,,false,3,9,0,,Erdbeben,1756-04-03 00:00:00.000,27,4,3000093,hjh
1,1,6,,,false,3,9,0,,Erdbeben,1756-01-21 00:00:00.000,6,9,1000316,MF
1,1,6,,,false,3,9,0,,Erdbeben,1756-01-10 00:00:00.000,3,4,1000139,MF
1,1,6,,,false,3,9,0,,"Erdbeben,",1756-01-21 00:00:00.000,6,3,1000290,MF
1,1,6,,,false,3,9,0,,"Komet (""Strahl schlangenweis durch d. Luft gefahren)",1761-12-19 00:00:00.000,101,5,2006696,ek
1,1,6,,,false,3,9,0,,Ortschaft von Mure verschüttet,1758-08-05 00:00:00.000,62,4,2001486,ek
1,1,6,,,false,3,9,0,,Roter Regen,1756-02-11 00:00:00.000,12,1,1000550,MF
1,1,6,,,false,3,9,0,,Sturmschäden in Genf,1758-11-18 00:00:00.000,92,3,2003873,Ek
1,1,6,,,false,3,9,0,,Unwetter wird für Erdbeben gehalten,1756-04-24 00:00:00.000,33,5,3000416,hjh
1,1,9,,,false,3,9,0,,Erdbeben,1756-01-10 00:00:00.000,3,1,1000117,MF
1,2,1,,,false,3,9,0,,Außerordentliche Hitze (Moorbrände),1762-08-11 00:00:00.000,64,3,4001359,mf
1,2,1,,,false,3,9,0,P,Brand auf Engl. Flaggschiff,1758-06-14 00:00:00.000,47,9,3007461,hjh
1,2,1,,,false,3,9,0,P,Brand auf Kriegsschiff,1758-06-28 00:00:00.000,51,3,3007877,hjh
1,2,1,,,false,3,9,0,P,Brand im Munitionslager von Portsmauth,1760-07-23 00:00:00.000,59,1,4002888,an
1,2,1,,,false,3,9,0,M,Brand in engl. Magazin für Schiffsrüstungen,1760-07-19 00:00:00.000,58,9,4002858,an
1,2,1,,,false,3,9,0,,Dürre und Platzregen,1758-06-24 00:00:00.000,50,3,3007791,hjh
1,2,1,,,false,3,9,0,P,Engl. Fregatte gesunken,1761-01-07 00:00:00.000,2,2,3008095,hjh
1,2,1,,,false,3,9,0,P,Engl. Kriegschiff gesunken,1758-06-24 00:00:00.000,50,3,3007786,hjh
1,2,1,,,false,3,9,0,P,engl. Kriegsschiff gesunken,1758-02-15 00:00:00.000,13,1,3003653,hjh
1,2,1,,,false,3,9,0,P,Engl. Schiff explodiert,1760-05-28 00:00:00.000,43,5,2007730,EK
1,2,1,,,false,3,9,0,P,Engl. Schiffe auf Weg nach Brasilien gestrandet,1760-04-02 00:00:00.000,27,2,4002546,an
1,2,1,,,false,3,9,0,P,Engl. Schiffe gestrandet,1760-12-31 00:00:00.000,105,3,2008188,HJH
1,2,1,,,false,3,9,0,,Engl. Schiffsbesatzung wg. Pestverdacht in Quarantäne,1760-01-19 00:00:00.000,6,2,4002080,an
1,2,1,,,false,3,9,0,,Erdbeben,1757-09-14 00:00:00.000,74,5,1004244,mf
1,2,1,,,false,3,9,0,,Erdbeben,1759-01-13 00:00:00.000,4,4,3002792,BH
1,2,1,,,false,3,9,0,,Erdbeben,1757-02-19 00:00:00.000,15,3,1001756,mf
1,2,1,,,false,3,9,0,,Erdbeben,1756-01-24 00:00:00.000,7,9,1000358,MF
1,2,1,,,false,3,9,0,,Erdbeben,1756-03-17 00:00:00.000,22,2,1000939,MF
1,2,1,,,false,3,9,0,,Feuersbrunst,1758-05-13 00:00:00.000,38,9,3006264,hjh
1,2,1,,,false,3,9,0,,Feuersbrunst,1759-12-15 00:00:00.000,100,9,3011194,tc
1,2,1,,,false,3,9,0,,Feuersbrunst,1760-12-24 00:00:00.000,103,9,2008052,HJH
1,2,1,,,false,3,9,0,,Feuersbrunst in London,1756-03-20 00:00:00.000,23,1,1000967,MF
1,2,1,,,false,3,9,0,,Flußesverschwinden,1756-02-14 00:00:00.000,13,2,1000593,MF
1,2,1,,,false,3,9,0,,Großbrand im Haus d. Händler Barrow und Reynolds,1760-05-21 00:00:00.000,41,3,2507983,EK
1,2,1,,,false,3,9,0,,Großbrand zu Deptford gelöscht,1758-09-23 00:00:00.000,76,4,2002592,Ek
1,2,1,,,false,3,9,0,,Halleyscher Komet beobachtet,1758-04-05 00:00:00.000,27,5,3005219,hjh
1,2,1,,,false,3,9,0,,Heißes Wetter und Schnee,1758-06-07 00:00:00.000,45,4,3007219,hjh
1,2,1,,,false,3,9,0,,Hitzewelle (Moorbrände),1762-08-04 00:00:00.000,62,3,4001324,mf
1,2,1,,,false,3,9,0,,Hohe Sterblichkeit wegen Hitzewelle,1762-06-23 00:00:00.000,50,1,4001035,mf
1,2,1,,,false,3,9,0,P,Kriegsschiffe gesunken,1761-02-28 00:00:00.000,17,1,3008918,hjh
1,2,1,,,false,3,9,0,P,Kriegsschiffe gesunken,1758-06-10 00:00:00.000,46,5,3007333,hjh
1,2,1,,,false,3,9,0,P,Kriegsschiffe gesunken,1758-01-28 00:00:00.000,8,4,3002532,hjh
1,2,1,,,false,3,9,0,,Lufterscheinung,1756-03-10 00:00:00.000,20,1,1000862,MF
1,2,1,,,false,3,9,0,,Militärmagazin geht durch Blitz in Flammen auf,1760-07-23 00:00:00.000,59,2,4002892,an
1,2,1,,,false,3,9,0,,Palast d. Herzogs von Norfolk abgebrannt,1761-11-28 00:00:00.000,95,1,2006464,EK
1,2,1,,,false,3,9,0,,Parlamentsversammlung,1759-12-08 00:00:00.000,98,4,3011099,tc
1,2,1,,,false,3,9,0,,Pulvermühle explodiert,1758-09-06 00:00:00.000,71,3,2002198,EK
1,2,1,,,false,3,9,0,P,Schaden an Schiffen durch Stürme,1759-11-10 00:00:00.000,90,4,3010782,tc
1,2,1,,,false,3,9,0,P,"Seestrürme im Mittelmeer, dän. und engl. Flotte beschädigt.",1760-01-26 00:00:00.000,8,4,4002136,an
1,2,1,,,false,3,9,0,,Seesturm in England,1760-02-27 00:00:00.000,17,4,4002321,an
1,2,1,,,false,3,9,0,,Starke Regenfalle,1758-08-30 00:00:00.000,69,3,2002046,EK
1,2,1,,,false,3,9,0,,Starker Sturm,1757-04-20 00:00:00.000,32,3,1002486,mf
1,2,1,,,false,3,9,0,,Sturm,1761-01-21 00:00:00.000,6,1,3008269,hjh
1,2,1,,,false,3,9,0,,Sturm,1756-03-20 00:00:00.000,23,5,1000996,MF
1,2,1,,,false,3,9,0,,Sturm,1759-07-25 00:00:00.000,59,9,4001994,jb
1,2,1,,,false,3,9,0,,Sturm,1762-12-01 00:00:00.000,96,2,5001051,mf
1,2,1,,,false,3,9,0,P,Sturm zerstört engl. Flotte,1759-06-06 00:00:00.000,45,4,4001715,jb
1,2,1,,,false,3,9,0,,"Sturm, 07.10.56",1756-11-10 00:00:00.000,90,1,5000109,mf
1,2,1,,,false,3,9,0,,"Sturmmeldung, engl. Flotte beschädigt",1760-03-12 00:00:00.000,21,9,4002419,an
1,2,1,,,false,3,9,0,,Sturmschäden bei engl. Flotte,1760-03-22 00:00:00.000,24,2,4002468,an
1,2,1,,,false,3,9,0,,Sturmwind,1759-04-25 00:00:00.000,33,1,2507739,BH
1,2,1,,,false,3,9,0,,Sturmwind,1756-11-03 00:00:00.000,88,2,4001510,mf
1,2,1,,,false,3,9,0,,Überschwemmung,1756-02-07 00:00:00.000,11,9,1000539,MF
1,2,1,,,false,3,9,0,,Ungewöhnl. Donnerwetter,1757-12-17 00:00:00.000,101,2,1005300,mf
1,2,1,,,false,3,9,0,,Ungewöhnl. Ebbe infolge eines Seebebens,1761-08-19 00:00:00.000,66,2,2004922,EK
1,2,1,,,false,3,9,0,P,Verlust bei der engl. Flotte verursacht durch Sturm,1759-10-27 00:00:00.000,86,5,3010144,tc
1,2,1,,,false,3,9,0,P,Verlust von Schiffen durch Seesturm,1759-02-14 00:00:00.000,13,9,3004826,bh
1,2,1,,,false,3,9,0,,Zusammenbruch des Palastes von Herzog Cumberland,1757-03-19 00:00:00.000,23,1,1002062,mf
1,2,1,I,,false,3,9,0,,Dublin - Tote bei Gebäudeeinsturz,1760-07-09 00:00:00.000,55,9,2008563,ek
1,2,1,I,,false,3,9,0,,Erdbeben mit ungewöhnlichen Luft- und Wassererscheinungen,1756-02-21 00:00:00.000,15,1,1000695,MF
1,2,1,I,,false,3,9,0,,Feurige Kugel,1756-12-08 00:00:00.000,98,2,3003157,tc
1,2,1,I,,false,3,9,0,,Seeunglück,1756-12-04 00:00:00.000,97,3,3003085,TC
1,2,1,S,,false,3,9,0,,Erdbeben,1756-02-04 00:00:00.000,10,1,1000453,MF
1,2,1,S,,false,3,9,0,,Erdbeben,1756-02-07 00:00:00.000,11,1,1000497,MF
1,2,1,S,,false,3,9,0,,Erdbeben,1757-09-14 00:00:00.000,74,5,1004244,mf
1,2,1,S,,false,3,9,0,,Sehr milde Witterung - Rosen und Obstbäume blühen im Dezember,1758-12-09 00:00:00.000,98,3,2004265,EK
1,2,2,,,false,3,9,0,,Brand im Theater,1762-09-22 00:00:00.000,76,4,2005799,mf
1,2,2,,,false,3,9,0,,Erdbeben,1756-02-07 00:00:00.000,11,3,1000507,MF
1,2,2,,,false,3,9,0,,Erdbeben,1756-04-24 00:00:00.000,33,9,3000439,hjh
1,2,2,,,false,3,9,0,,Erdbebenmeldung aus Schweden,1760-02-06 00:00:00.000,11,4,4002188,an
1,2,2,,,false,3,9,0,,Explosion des Göteborger Sprengstoffmagazins,1758-07-08 00:00:00.000,54,3,2000821,ek
1,2,2,,,false,3,9,0,,Fahrwasser in Ostsee offe,1761-04-29 00:00:00.000,34,9,3010387,hjh
1,2,2,,,false,3,9,0,,Feuersbrunst,1756-01-03 00:00:00.000,1,9,1000048,MF
1,2,2,,,false,3,9,0,,Feuersbrunst,1761-01-10 00:00:00.000,3,2,3008136,hjh
1,2,2,,,false,3,9,0,,Feuersbrunst,1761-04-29 00:00:00.000,34,9,3010384,hjh
1,2,2,,,false,3,9,0,,Feuersbrunst bei Stockholm,1759-08-18 00:00:00.000,66,3,2007107,jb
1,2,2,,,false,3,9,0,P,Fregatte gesunken,1756-05-29 00:00:00.000,43,3,3001145,hjh
1,2,2,,,false,3,9,0,,Heftiger Sturm,1757-05-14 00:00:00.000,39,2,1002832,mf
1,2,2,,,false,3,9,0,,Kugelblitz,1756-01-17 00:00:00.000,5,3,1000250,MF
1,2,2,,,false,3,9,0,,Orkan auf Öland Schadensbilanz,1761-12-09 00:00:00.000,98,3,2006550,ek
1,2,2,,,false,3,9,0,,Starker Sturm,1762-07-14 00:00:00.000,56,2,4001177,mf
1,2,2,,,false,3,9,0,,Unbeständiger Winter,1756-02-14 00:00:00.000,13,9,1000630,MF
1,2,2,,,false,3,9,0,,Ungewöhnl. Naturerscheinung,1762-03-24 00:00:00.000,24,9,4000512,mf
1,2,2,,,false,3,9,0,,Ungewöhnliche Himmelserscheinung,1762-05-22 00:00:00.000,41,3,4000846,mf
1,2,2,,,false,3,9,0,,Ungewöhnliche Hitze,1757-08-13 00:00:00.000,65,5,1003894,mf
1,2,2,,,false,3,9,0,,Ungewöhnlicher Hagel,1757-07-09 00:00:00.000,55,4,1003493,mf
1,2,2,,,false,3,9,0,,Wasserflut,1756-01-03 00:00:00.000,1,9,1000047,MF
1,2,2,,,false,3,9,0,,Wintereinbruch,1760-11-26 00:00:00.000,95,5,2508229,JB
1,2,2,,,false,3,9,0,P,Zerstörung swd. Schiffe durch Sturm,1760-11-26 00:00:00.000,95,4,2508223,JB
1,2,2,,,false,3,9,0,P,Zerstörung swd. Schiffe durch Sturm,1760-11-26 00:00:00.000,95,9,2508228,JB
1,2,2,F,,false,3,9,0,,Erdbeben,1756-02-07 00:00:00.000,11,3,1000507,MF
1,2,2,F,,false,3,9,0,,Feuersbrunst,1760-07-16 00:00:00.000,57,9,4002915,jb
1,2,2,F,,false,3,9,0,,Feuersbrunst in Borgo,1760-07-30 00:00:00.000,61,2,4001672,mf
1,2,2,F,,false,3,9,0,,Sonnenkugeln/Kometen in Finnland,1761-09-09 00:00:00.000,72,5,2005207,Ek
1,2,2,F,,false,3,9,0,,Sonnenrauch bei Helsingborg/Helsinki,1761-09-09 00:00:00.000,72,4,2005206,Ek
1,2,2,NW,,false,3,9,0,,Erdbebenmeldung in Norwegen,1760-01-30 00:00:00.000,9,5,4002768,an
1,2,2,P,,false,3,9,0,M,"Explosion des pr. Artillerie-""Laboratoriums"" in Greifswald",1759-05-16 00:00:00.000,39,1,2007929,BH
1,2,2,P,,false,3,9,0,M,Explosion eines Pulverlagers,1759-06-06 00:00:00.000,45,4,4001712,jb
1,2,3,,,false,3,9,0,,Blitzschlag verursacht Explosion von Pulverturm,1759-07-04 00:00:00.000,53,4,2006272,jb
1,2,3,,,false,3,9,0,,Erdbeben,1757-09-14 00:00:00.000,74,5,1004244,mf
1,2,3,,,false,3,9,0,,Erdbeben,1760-01-16 00:00:00.000,5,5,4002069,an
1,2,3,,,false,3,9,0,,Erdbeben,1760-01-23 00:00:00.000,7,4,4002106,an
1,2,3,,,false,3,9,0,,Erdbeben,1760-01-12 00:00:00.000,4,5,5001769,mf
1,2,3,,,false,3,9,0,,Erdbeben in Schleswig,1760-01-12 00:00:00.000,4,4,5001760,mf
1,2,3,,,false,3,9,0,,Erdbeben ins Meer,1756-02-04 00:00:00.000,10,9,1000487,MF
1,2,3,,,false,3,9,0,,Feuersbrunst,1761-05-23 00:00:00.000,41,5,3011464,hjh
1,2,3,,,false,3,9,0,,Feuersbrunst im Schloß Grafenstein,1757-03-02 00:00:00.000,18,4,1001885,mf
1,2,3,,,false,3,9,0,,Feuersbrunst in Kopenhagen,1759-07-04 00:00:00.000,53,5,2006274,jb
1,2,3,,,false,3,9,0,,Gestrandete Wallfische,1757-03-26 00:00:00.000,25,2,1002156,mf
1,2,3,,,false,3,9,0,,Heftige Gewitter,1756-08-14 00:00:00.000,65,5,2000735,ek
1,2,3,,,false,3,9,0,,Kugelblitz ? und Sturm (Beschreibung),1761-01-31 00:00:00.000,9,2,3008539,hjh
1,2,3,,,false,3,9,0,P,"Seestrürme im Mittelmeer, dän. und engl. Flotte beschädigt.",1760-01-26 00:00:00.000,8,4,4002136,an
1,2,3,,,false,3,9,0,,Sturm beschädigt Schiffe,1760-11-15 00:00:00.000,92,3,4002803,an
1,2,3,,,false,3,9,0,,Vermehrung von Schädlingen,1756-08-14 00:00:00.000,65,5,2000734,ek
1,2,3,I,,false,3,9,0,,Erdbeben,1756-02-04 00:00:00.000,10,2,1000466,MF
1,2,3,I,,false,3,9,0,,Vulkanausbruch,1756-09-11 00:00:00.000,73,5,3001403,BH
1,2,3,N,,false,3,9,0,,Brand,1756-09-08 00:00:00.000,72,3,3001368,BH
1,2,3,N,,false,3,9,0,,Brand,1759-08-15 00:00:00.000,65,5,2007079,jb
1,2,3,N,,false,3,9,0,,Erdbeben,1756-01-24 00:00:00.000,7,9,1000358,MF
1,2,3,N,,false,3,9,0,,Erdbeben ins Meer,1756-02-04 00:00:00.000,10,9,1000487,MF
1,2,3,N,,false,3,9,0,,Feuersbrunst in Christiania (Oslo),1761-12-12 00:00:00.000,99,3,2006619,ek
1,2,3,N,,false,3,9,0,,Großbrand,1756-08-25 00:00:00.000,68,3,3000878,bh
1,2,3,N,,false,3,9,0,,Lawine,1756-04-14 00:00:00.000,30,9,3000268,hjh
1,2,3,N,,false,3,9,0,,Schneelawine,1761-05-30 00:00:00.000,43,5,3011575,hjh
1,2,3,N,,false,3,9,0,,Wasserflut,1756-01-03 00:00:00.000,1,9,1000047,MF
1,2,3,N,,false,3,9,0,P,Zerstörung swd. Schiffe durch Sturm,1760-11-26 00:00:00.000,95,4,2508223,JB
1,3,0,,,false,3,9,0,,Überschwemmung,1756-01-14 00:00:00.000,4,2,1000178,MF
1,3,1,,,false,3,9,0,,Dürre,1757-08-06 00:00:00.000,63,1,1003795,mf
1,3,1,,,false,3,9,0,,Einsturz des Palastes in Rom,1762-02-27 00:00:00.000,17,3,4000324,mf
1,3,1,,,false,3,9,0,,Erdbeben,1756-02-28 00:00:00.000,17,2,1000761,MF
1,3,1,,,false,3,9,0,,Erdbeben,1759-07-14 00:00:00.000,56,6,4001896,jb
1,3,1,,,false,3,9,0,,Erdbeben,1756-11-24 00:00:00.000,94,1,5000302,mf
1,3,1,,,false,3,9,0,,Erdbebenmeldung aus I,1760-02-27 00:00:00.000,17,5,4002322,an
1,3,1,,,false,3,9,0,,Erdeben,1762-11-17 00:00:00.000,92,3,5000996,mf
1,3,1,,,false,3,9,0,,Feuer im Kardinalspalast,1759-02-07 00:00:00.000,11,4,3004611,bh
1,3,1,,,false,3,9,0,,Feuersbrunst,1756-10-27 00:00:00.000,86,9,5000066,mf
1,3,1,,,false,3,9,0,,"Sturm bei Ancona, Schäden",1758-11-25 00:00:00.000,94,3,2004012,Ek
1,3,1,,,false,3,9,0,,Sturmflut bei Ancona,1758-12-13 00:00:00.000,99,3,2004327,EK
1,3,1,,,false,3,9,0,,Sturmwind,1757-10-05 00:00:00.000,80,5,1004455,mf
1,3,1,,,false,3,9,0,,Überschwemmung,1757-03-09 00:00:00.000,20,3,1001961,mf
1,3,1,,,false,3,9,0,,Überschwemmung,1756-01-07 00:00:00.000,2,1,1000059,MF
1,3,1,,,false,3,9,0,,Unterirdischer Schall,1762-09-15 00:00:00.000,74,1,1005558,mf
1,3,1,,,false,3,9,0,,Unwetter und Flutkatastrophe,1758-02-15 00:00:00.000,13,5,3003719,hjh
1,3,2,,,false,3,9,0,,Überschwemmung,1756-01-17 00:00:00.000,5,1,1000227,MF
1,3,4,,,false,3,9,0,,Sturm,1758-01-28 00:00:00.000,8,4,3002544,hjh
1,3,5,,,false,3,9,0,,Brandfall,1756-01-24 00:00:00.000,7,3,1000338,MF
1,3,5,,,false,3,9,0,,Erdbeben,1756-01-03 00:00:00.000,1,2,1000011,MF
1,3,5,,,false,3,9,0,,Erdbeben,1757-09-14 00:00:00.000,74,5,1004244,mf
1,3,5,,,false,3,9,0,,Mure im Berggebiet,1762-12-08 00:00:00.000,98,2,5001100,mf
1,3,5,,,false,3,9,0,,Überschwemmung,1756-01-07 00:00:00.000,2,1,1000059,MF
1,3,6,,,false,3,9,0,,Erdbeben,1757-03-16 00:00:00.000,22,2,1002029,mf
1,3,7,,,false,3,9,0,,Erdbeben,1762-01-09 00:00:00.000,3,2,1005536,mf
1,3,8,,,false,3,9,0,,,1757-10-19 00:00:00.000,84,1,1004585,mf
1,3,8,,,false,3,9,0,,Brandfall auf dem St.Markus-Platz,1756-03-03 00:00:00.000,18,1,1000794,MF
1,3,8,,,false,3,9,0,,Erdbeben,1756-04-17 00:00:00.000,31,1,3000276,hjh
1,3,8,,,false,3,9,0,,Gewitter,1756-01-07 00:00:00.000,2,1,1000060,MF
1,3,8,,,false,3,9,0,,Sturm,1756-11-20 00:00:00.000,93,2,5000268,mf
1,3,8,,,false,3,9,0,,Sturm-und Überschwemmungen,1760-02-20 00:00:00.000,15,1,4002265,an
1,3,8,,,false,3,9,0,,Überschwemmung,1757-10-08 00:00:00.000,81,4,1004486,mf
1,3,8,,,false,3,9,0,,Überschwemmung,1757-10-08 00:00:00.000,81,4,1004486,mf
1,3,8,,,false,3,9,0,,Überschwemmung,1757-09-24 00:00:00.000,77,5,1004358,mf
1,3,8,,,false,3,9,0,,Wirbelwind,1756-09-11 00:00:00.000,73,2,3001386,BH
1,3,9,,,false,3,9,0,,Bachbettsveränderung,1762-01-20 00:00:00.000,6,3,4000053,mf
1,3,9,,,false,3,9,0,,Erdbeben,1762-05-01 00:00:00.000,35,4,4000722,mf
1,3,9,,,false,3,9,0,,Feuersbrunst in der herzogl. Galerie in Florenz,1762-09-08 00:00:00.000,72,1,2005694,mf
1,3,9,,,false,3,9,0,,Regenwetter,1757-02-02 00:00:00.000,10,3,1001541,mf
1,3,9,,,false,3,9,0,,Starker Schneefall,1758-02-18 00:00:00.000,14,3,3003778,hjh
1,3,9,,,false,3,9,0,,Überschwemmung in Florenz,1758-12-16 00:00:00.000,100,6,2004399,ek
1,3,9,,,false,3,9,0,,Wirbelwind,1756-09-11 00:00:00.000,73,2,3001385,BH
1,4,5,,,false,3,9,0,,Aetna,1756-04-10 00:00:00.000,29,2,3000168,hjh
1,4,5,,,false,3,9,0,,Ausbruch des Vesuv,1759-12-19 00:00:00.000,101,2,3011207,tc
1,4,5,,,false,3,9,0,,Ausbruch von Aetna,1757-03-05 00:00:00.000,19,2,1001905,mf
1,4,5,,,false,3,9,0,,Ausbruch von Vesuv,1760-01-12 00:00:00.000,4,1,5001745,mf
1,4,5,,,false,3,9,0,,Ausbruch von Vesuv: Schäden,1758-11-15 00:00:00.000,91,4,2003812,ek
1,4,5,,,false,3,9,0,,Blitz entzündet Pulvermagazin,1760-11-19 00:00:00.000,93,9,2508087,JB
1,4,5,,,false,3,9,0,,Blitzeinschlag in Pulvermagazin,1760-10-25 00:00:00.000,86,5,2007688,HJH
1,4,5,,,false,3,9,0,,Engl. Schiffsbesatzung wg. Pestverdacht in Quarantäne,1760-01-19 00:00:00.000,6,2,4002080,an
1,4,5,,,false,3,9,0,,Engl. und flämische Kavallerie durch Lava Vesuv verletzt,1760-02-27 00:00:00.000,17,2,4002306,an
1,4,5,,,false,3,9,0,,Erdbeben,1757-01-05 00:00:00.000,2,2,1001137,MF
1,4,5,,,false,3,9,0,,Erdbeben,1759-09-05 00:00:00.000,71,6,3006847,tc
1,4,5,,,false,3,9,0,,Erdbeben,1756-04-07 00:00:00.000,28,1,3000113,hjh
1,4,5,,,false,3,9,0,,Erdbeben,1757-12-28 00:00:00.000,104,1,1005403,mf
1,4,5,,,false,3,9,0,,Erdbeben,1756-04-10 00:00:00.000,29,2,3000167,hjh
1,4,5,,,false,3,9,0,,Erdbeben,1756-12-18 00:00:00.000,101,2,3006415,tc
1,4,5,,,false,3,9,0,,Erdbeben,1757-09-14 00:00:00.000,74,5,1004244,mf
1,4,5,,,false,3,9,0,,Erdbeben,1756-03-27 00:00:00.000,25,1,1001046,MF
1,4,5,,,false,3,9,0,,Erdbeben,1756-11-24 00:00:00.000,94,1,5000302,mf
1,4,5,,,false,3,9,0,,Erdbeben auf der Insel Ischia,1762-09-15 00:00:00.000,74,1,1005561,mf
1,4,5,,,false,3,9,0,,Erdbeben beim Vesuv,1761-01-21 00:00:00.000,6,4,3008300,hjh
1,4,5,,,false,3,9,0,,Hagel bei Capua,1758-12-02 00:00:00.000,96,3,2004132,ek
1,4,5,,,false,3,9,0,,Handelsschiffe durch Sturm gestrandet,1760-01-30 00:00:00.000,9,1,4002754,an
1,4,5,,,false,3,9,0,,Heftiges Gewitter,1762-04-17 00:00:00.000,31,2,4000622,mf
1,4,5,,,false,3,9,0,,Sturm und Überschwemmung,1758-03-04 00:00:00.000,18,5,3004231,hjh
1,4,5,,,false,3,9,0,,Sturmwind,1757-11-05 00:00:00.000,89,4,1004791,mf
1,4,5,,,false,3,9,0,,Überschwemmung,1758-01-21 00:00:00.000,6,5,3002389,hjh
1,4,5,,,false,3,9,0,,Überschwemmung,1758-01-14 00:00:00.000,4,5,3002230,hjh
1,4,5,,,false,3,9,0,,Vesuv,1756-04-17 00:00:00.000,31,2,3000287,hjh
1,4,5,,,false,3,9,0,,Vesuv,1756-03-31 00:00:00.000,26,1,3000006,hjh
1,4,5,,,false,3,9,0,,Vesuv,1756-04-07 00:00:00.000,28,1,3000114,hjh
1,4,5,,,false,3,9,0,,Vesuv,1756-05-12 00:00:00.000,38,1,3000674,hjh
1,4,5,,,false,3,9,0,,Vesuv,1756-05-01 00:00:00.000,35,1,3000519,hjh
1,4,5,,,false,3,9,0,,Vesuv / Erdbeben,1761-01-28 00:00:00.000,8,2,3008493,hjh
1,4,5,,,false,3,9,0,,Vesuv / Erdbeben,1761-02-11 00:00:00.000,12,2,3008684,hjh
1,4,5,,,false,3,9,0,,Vesuv aktiv,1760-01-19 00:00:00.000,6,1,4002079,an
1,4,5,,,false,3,9,0,,Vesuv droht auszubrechen,1758-11-01 00:00:00.000,87,4,2003517,EK
1,4,5,,,false,3,9,0,,Vesuvius,1756-02-11 00:00:00.000,12,2,1000552,MF
1,4,5,,,false,3,9,0,,Vesuvius,1757-02-09 00:00:00.000,12,1,1001607,mf
1,4,5,,,false,3,9,0,,Vesuvius,1756-01-31 00:00:00.000,9,2,1000405,MF
1,4,5,,,false,3,9,0,,Vesuvius,1756-01-21 00:00:00.000,6,2,1000274,MF
1,4,5,,,false,3,9,0,,Vesuvius und Aetna,1757-07-16 00:00:00.000,57,2,1003564,mf
1,4,5,,,false,3,9,0,,Vulkan Vesuv,1759-03-31 00:00:00.000,26,5,5001572,mf
1,4,5,,,false,3,9,0,,Vulkan Vesuv ausgebrochen,1758-02-04 00:00:00.000,10,4,3002875,hjh
1,4,5,,,false,3,9,0,,Vulkanausbruch,1756-10-02 00:00:00.000,79,2,3001620,BH
1,4,5,,,false,3,9,0,,Vulkanausbruch,1756-10-16 00:00:00.000,83,2,3001808,BH
1,4,5,,,false,3,9,0,,Vulkantätigkeint Vesuv,1760-04-05 00:00:00.000,28,2,4002606,an
1,4,5,,,false,3,9,0,,Vulkantätigkeit (Vesuv),1759-04-28 00:00:00.000,34,5,2507805,BH
1,4,5,,,false,3,9,0,,Waldbrände,1757-10-05 00:00:00.000,80,1,1004442,mf
1,4,6,,,false,3,9,0,,Erd/Seebeben,1757-01-12 00:00:00.000,4,1,1001233,MF
1,4,6,,,false,3,9,0,,Erdbeben,1756-04-17 00:00:00.000,31,1,3000279,hjh
1,4,6,,,false,3,9,0,,Sturmschäden,1758-01-25 00:00:00.000,7,9,3002481,hjh
1,4,6,,,false,3,9,0,,Vulkantätigkeit Vesuv,1760-01-30 00:00:00.000,9,2,4002756,an
1,5,0,,,false,3,9,0,,Astronomische Beobachtungen:neuer Komet,1760-01-26 00:00:00.000,8,2,4002126,an
1,5,0,,,false,3,9,0,,Erdbeben,1759-01-24 00:00:00.000,7,6,3003572,bh
1,5,0,,,false,3,9,0,,Erdbeben,1756-02-04 00:00:00.000,10,2,1000466,MF
1,5,0,,,false,3,9,0,,Großbrand durch Gewehrschuß,1756-08-11 00:00:00.000,64,4,2000693,ek
1,5,0,,,false,3,9,0,,"Sturm- und ""Donnerwetter""",1759-02-24 00:00:00.000,16,5,5001067,mf
1,5,1,,,false,3,9,0,,Ausführlicher Bericht über die Beobachtung eines Kometen,1759-05-05 00:00:00.000,36,5,2007830,BH
1,5,1,,,false,3,9,0,,Brandkatastrophe vor Wien,1759-06-27 00:00:00.000,51,7,2006187,jb
1,5,1,,,false,3,9,0,,Eis aufgebrochen,1758-01-18 00:00:00.000,5,5,3002307,hjh
1,5,1,,,false,3,9,0,,Eis taut ab,1758-02-25 00:00:00.000,16,5,3004072,hjh
1,5,1,,,false,3,9,0,,Erdbeben/Erdspaltung,1756-02-18 00:00:00.000,14,4,1000677,MF
1,5,1,,,false,3,9,0,,Feuer im Österr.Stadttheater,1761-11-04 00:00:00.000,88,6,2005995,EK
1,5,1,,,false,3,9,0,,Feuersbrunst,1756-05-12 00:00:00.000,38,7,3000728,hjh
1,5,1,,,false,3,9,0,,Feuersbrunst,1759-07-28 00:00:00.000,60,6,4002032,jb
1,5,1,,,false,3,9,0,,Feuersbrunst im Schloß Laxenburg,1762-05-22 00:00:00.000,41,6,4000855,mf
1,5,1,,,false,3,9,0,,Gewitter,1756-09-29 00:00:00.000,78,5,3001600,BH
1,5,1,,,false,3,9,0,,Großbrand,1756-06-23 00:00:00.000,50,5,2000190,ek
1,5,1,,,false,3,9,0,,Großbrand,1756-06-30 00:00:00.000,52,4,2000266,ek
1,5,1,,,false,3,9,0,,Hochwasser an der Donau,1760-03-19 00:00:00.000,23,6,4002458,an
1,5,1,,,false,3,9,0,,Hochwasser in Wien,1759-07-11 00:00:00.000,55,6,2006374,jb
1,5,1,,,false,3,9,0,,Nordlicht,1761-03-04 00:00:00.000,18,5,3009008,hjh
1,5,1,,,false,3,9,0,,Nordlicht in Österreich,1761-03-04 00:00:00.000,18,5,3009010,hjh
1,5,1,,,false,3,9,0,,Nordlicht in Wien (Aurora borcalis),1761-11-21 00:00:00.000,93,5,2006432,EK
1,5,1,,,false,3,9,0,,Überschwemmung,1756-09-29 00:00:00.000,78,5,3001601,BH
1,5,1,,,false,3,9,0,,Überschwemmung in Tirol und Bayern,1762-07-28 00:00:00.000,60,2,4001281,mf
1,5,1,,,false,3,9,0,,Wolkenbruch,1757-06-04 00:00:00.000,45,6,1003112,mf
1,5,1,Bö,,false,3,9,0,,Beobachtung des Haleyschen Kometen,1759-05-09 00:00:00.000,37,5,2508021,BH
1,5,1,Bö,,false,3,9,0,,Feuersbrunst,1757-04-20 00:00:00.000,32,6,1002508,mf
1,5,1,Bö,,false,3,9,0,,Gewitter,1756-08-21 00:00:00.000,67,4,3000851,bh
1,5,1,Bö,,false,3,9,0,,Gewitter verursacht Brand,1759-07-07 00:00:00.000,54,6,2006330,jb
1,5,1,Bö,,false,3,9,0,,Großbrand,1758-07-15 00:00:00.000,56,4,2000965,ek
1,5,1,Bö,,false,3,9,0,,Großbrand,1756-06-09 00:00:00.000,46,4,2000030,ek
1,5,1,Bö,,false,3,9,0,,Großbrand in Prag,1760-07-02 00:00:00.000,53,9,2508354,EK
1,5,1,Bö,,false,3,9,0,,Kälte,1759-01-13 00:00:00.000,4,5,3002805,BH
1,5,1,Bö,,false,3,9,0,,Nordlicht,1761-03-07 00:00:00.000,19,4,3009351,hjh
1,5,1,Bö,,false,3,9,0,,Nordlicht in Böhmen,1761-03-07 00:00:00.000,19,4,3009353,hjh
1,5,1,Bö,,false,3,9,0,,Stadtbrand in Karlsbad,1759-06-20 00:00:00.000,49,9,2006054,jb
1,5,1,Bö,,false,3,9,0,,Stadtbrand in Karlsbad,1759-06-09 00:00:00.000,46,5,4001752,jb
1,5,1,Bö,,false,3,9,0,,strenge Kälte,1760-01-02 00:00:00.000,1,6,2008254,MF
1,5,1,Bö,,false,3,9,0,M,Wolkenbruch in Böhmen (viel Schaden dem pr. Lager bei Prag),1757-06-15 00:00:00.000,48,5,1003249,mf
1,5,1,Mä,,false,3,9,0,,Feuersbrunst,1758-06-03 00:00:00.000,44,13,3007164,hjh
1,5,1,Ös,,false,3,9,0,,Auftauen d. Donau eises,1758-03-01 00:00:00.000,17,4,3004143,hjh
1,5,1,ÖS,,false,3,9,0,,Gewitter,1759-02-14 00:00:00.000,13,5,3004807,bh
1,5,1,Ös,,false,3,9,0,,Hochwasser in Österreich,1761-08-22 00:00:00.000,67,6,2004979,EK
1,5,1,Ös,,false,3,9,0,,Mannersdorf niedergebrannt,1761-08-05 00:00:00.000,62,6,2004828,Ek
1,5,1,Sl,,false,3,9,0,,Stadtbrand,1758-09-16 00:00:00.000,74,5,2002437,Ek
1,5,1,Smk,,false,3,9,0,,Hochwasser in Österreich,1761-08-22 00:00:00.000,67,6,2004979,EK
1,5,1,Ti,,false,3,9,0,,Brandstiftung,1760-11-26 00:00:00.000,95,4,2508222,JB
1,5,1,Ti,,false,3,9,0,,Flut in Innsbruck,1762-07-21 00:00:00.000,58,5,4001254,mf
1,5,1,Ti,,false,3,9,0,,Hochwasser,1758-09-23 00:00:00.000,76,5,2002601,Ek
1,5,1,Ti,,false,3,9,0,,Hochwasserschäden,1758-09-23 00:00:00.000,76,6,2002602,Ek
1,5,1,Ti,,false,3,9,0,,Schaden von Wassergüsse,1757-12-14 00:00:00.000,100,12,1005293,mf
1,5,1,Ti,,false,3,9,0,,Überschwemmung,1757-10-19 00:00:00.000,84,2,1004590,mf
1,5,2,,,false,3,9,0,,Erdbeben,1756-01-10 00:00:00.000,3,5,1000151,MF
1,5,2,,,false,3,9,0,,Erdbeben,1756-03-06 00:00:00.000,19,5,1000849,MF
1,5,2,,,false,3,9,0,,Erdbebenbeobachtungen um Aachen (Jan. 1760),1760-02-13 00:00:00.000,13,5,4002232,an
1,5,2,,,false,3,9,0,,Erderschütterungen,1760-07-26 00:00:00.000,60,3,4002783,an
1,5,2,Ac,,false,3,9,0,,Erdbeben,1756-03-06 00:00:00.000,19,3,1000842,MF
1,5,2,Ac,,false,3,9,0,,Erdbeben,1756-03-10 00:00:00.000,20,2,1000868,MF
1,5,2,Ac,,false,3,9,0,,Erdbebenmeldung um Köln und Aachen,1760-02-02 00:00:00.000,10,2,4002150,an
1,5,2,Bg,,false,3,9,0,,Brücke bei Hochwasser eingestürzt,1758-08-12 00:00:00.000,64,1,2001636,ek
1,5,2,Bg,,false,3,9,0,,Erdbeben,1756-01-14 00:00:00.000,4,10,1000219,MF
1,5,2,Bg,,false,3,9,0,,Erdbeben,1756-03-10 00:00:00.000,20,2,1000874,MF
1,5,2,Bg,,false,3,9,0,,Hochwasser zerstört Brücke,1758-08-12 00:00:00.000,64,1,2001635,ek
1,5,2,Bg,,false,3,9,0,,Rheinhochwasser,1758-08-16 00:00:00.000,65,4,2001746,ek
1,5,2,Jü,,false,3,9,0,,Erdbeben,1756-02-25 00:00:00.000,16,3,1000740,MF
1,5,2,Kl,,false,3,9,0,,Erdbeben,1759-09-05 00:00:00.000,71,3,3006834,tc
1,5,2,Kl,,false,3,9,0,,Erdbeben,1756-02-11 00:00:00.000,12,4,1000573,MF
1,5,2,Kl,,false,3,9,0,,Erdbeben,1756-03-06 00:00:00.000,19,3,1000842,MF
1,5,2,Kl,,false,3,9,0,,Erdbeben,1756-03-13 00:00:00.000,21,3,1000898,MF
1,5,2,Kl,,false,3,9,0,,Erdbeben,1756-04-10 00:00:00.000,29,4,3000197,hjh
1,5,2,Kl,,false,3,9,0,,Feuer,1759-09-01 00:00:00.000,70,2,3006784,tc
1,5,2,Kl,,false,3,9,0,,Gewitter und Hagel,1756-07-03 00:00:00.000,53,4,2000305,ek
1,5,2,Kl,,false,3,9,0,,Große Hitze,1762-06-19 00:00:00.000,49,4,4001029,mf
1,5,2,Kl,,false,3,9,0,,Hochwasser zerstört Brücke,1758-08-12 00:00:00.000,64,1,2001635,ek
1,5,2,Kl,,false,3,9,0,,Mäuseplage,1756-09-11 00:00:00.000,73,6,3001405,BH
1,5,2,Kl,,false,3,9,0,,Überschwemmung,1761-03-11 00:00:00.000,20,5,3009401,hjh
1,5,2,Kv,,false,3,9,0,,Brand in Schloßkapelle,1758-05-27 00:00:00.000,42,3,3006924,hjh
1,5,2,Kv,,false,3,9,0,,Brand in Wesel,1761-05-20 00:00:00.000,40,3,3011383,hjh
1,5,2,Kv,,false,3,9,0,,Erdbeben,1756-03-13 00:00:00.000,21,4,1000899,MF
1,5,2,Kv,,false,3,9,0,,Feuersbrunst,1761-05-09 00:00:00.000,37,5,3010597,hjh
1,5,2,Kv,,false,3,9,0,,Hochwasserschäden,1758-09-06 00:00:00.000,71,2,2002196,EK
1,5,2,Kv,,false,3,9,0,,Überschwemmung,1757-04-16 00:00:00.000,31,2,1002427,mf
1,5,2,Lüt,,false,3,9,0,,Erdbeben,1756-03-06 00:00:00.000,19,3,1000842,MF
1,5,2,Lüt,,false,3,9,0,,Erdbeben,1758-11-08 00:00:00.000,89,3,2003661,ek
1,5,2,Lüt,,false,3,9,0,,Erdbeben,1759-09-08 00:00:00.000,72,5,3006888,tc
1,5,2,Lüt,,false,3,9,0,,Erdbeben,1756-01-14 00:00:00.000,4,4,1000199,MF
1,5,2,Mt,,false,3,9,0,M,Quartier von Gl. Armentiers abgebrannt,1758-09-20 00:00:00.000,75,4,2002523,EK
1,5,2,Mz,,false,3,9,0,,Erdbeben,1756-03-06 00:00:00.000,19,9,1000857,MF
1,5,2,Mz,,false,3,9,0,,Erdbeben (Erdfall),1756-02-04 00:00:00.000,10,5,1000477,MF
1,5,2,Mz,,false,3,9,0,,Gewitter,1756-08-04 00:00:00.000,62,4,2000625,ek
1,5,2,Mz,,false,3,9,0,,Großbrand,1756-08-04 00:00:00.000,62,4,2000626,ek
1,5,2,Mz,,false,3,9,0,,Unwetter und Brand,1761-06-20 00:00:00.000,49,5,3011986,hjh
1,5,2,Nw,,false,3,9,0,,Erdbeben,1756-03-10 00:00:00.000,20,2,1000874,MF
1,5,2,Pb,,false,3,9,0,,Starke Regenfälle,1758-09-02 00:00:00.000,70,4,2002135,EK
1,5,2,Rvg,,false,3,9,0,,Erdbeben,1756-03-13 00:00:00.000,21,4,1000899,MF
1,5,2,Sch,,false,3,9,0,,Erdbeben,1756-03-06 00:00:00.000,19,4,1000846,MF
1,5,2,Tr,,false,3,9,0,,Erdbeben,1756-03-06 00:00:00.000,19,4,1000846,MF
1,5,3,,,false,3,9,0,,Brand in Frankfurt,1760-05-03 00:00:00.000,36,3,4002739,an
1,5,3,,,false,3,9,0,,Erdbeben,1756-03-06 00:00:00.000,19,5,1000849,MF
1,5,3,,Hessen,false,3,9,0,,Überschwemmung,1761-01-03 00:00:00.000,1,4,3006715,hjh
1,5,3,Fr,,false,3,9,0,,Brandfall,1762-10-30 00:00:00.000,87,3,5000825,mf
1,5,3,Fr,,false,3,9,0,,Unwetter mit Hagel,1756-07-10 00:00:00.000,55,4,2000366,ek
1,5,3,HD,,false,3,9,0,,Erdbeben,1756-01-14 00:00:00.000,4,9,1000213,MF
1,5,3,HD,,false,3,9,0,,Erdbeben,1756-03-06 00:00:00.000,19,9,1000857,MF
1,5,3,HD,,false,3,9,0,,Giessener Überschwemmung,1761-03-04 00:00:00.000,18,4,3009007,hjh
1,5,3,HD,,false,3,9,0,,Überschwemmung in Giessen,1761-03-04 00:00:00.000,18,4,3009005,hjh
1,5,3,HK,,false,3,9,0,,Erdbeben,1756-03-13 00:00:00.000,21,3,1000898,MF
1,5,3,Hk,,false,3,9,0,,Feuersbrunst,1756-08-28 00:00:00.000,69,4,3000916,bh
1,5,3,HK,,false,3,9,0,,Sturm / Brand,1761-01-17 00:00:00.000,5,4,3008229,hjh
1,5,3,HK,,false,3,9,0,,Überschwemmung,1761-01-17 00:00:00.000,5,4,3008235,hjh
1,5,3,HK,,false,3,9,0,,Überschwemmung,1761-03-25 00:00:00.000,24,3,3009601,hjh
1,5,3,HK,,false,3,9,0,,Unwetter,1761-06-10 00:00:00.000,46,3,3011764,hjh
1,5,3,HK,,false,3,9,0,,Unwetter und Hochwasser,1761-06-13 00:00:00.000,47,4,3011828,hjh
1,5,3,Ns,,false,3,9,0,,Erdbeben,1760-07-30 00:00:00.000,61,2,4001673,mf
1,5,3,NsD,,false,3,9,0,,Feuer,1759-08-25 00:00:00.000,68,4,2007248,jb
1,5,3,Pf,,false,3,9,0,,Erdbeben,1756-12-18 00:00:00.000,101,3,3006430,tc
1,5,3,Pf,,false,3,9,0,,Hochwasser,1758-08-16 00:00:00.000,65,2,2001733,ek
1,5,3,Pf,,false,3,9,0,,Opfer der Hochwasserkatastrophe,1758-08-16 00:00:00.000,65,2,2001734,ek
1,5,3,Pf,,false,3,9,0,,Sturmwind,1756-03-20 00:00:00.000,23,9,1000999,MF
1,5,3,S,,false,3,9,0,,Feuersbrunst,1761-05-23 00:00:00.000,41,5,3011461,hjh
1,5,3,SHo,,false,3,9,0,,Feuersbrunst,1761-05-16 00:00:00.000,39,4,3010713,hjh
1,5,3,WB,,false,3,9,0,,Überschwemmung,1761-03-25 00:00:00.000,24,3,3009600,hjh
1,5,3,Wo,,false,3,9,0,,Erdbeben,1756-03-06 00:00:00.000,19,4,1000846,MF
1,5,3,Wo,,false,3,9,0,,"Überschwemmung; Benutzung der Artillerie, um den Eisstau zu zerschießen",1757-03-09 00:00:00.000,20,3,1001966,mf
1,5,4,Ag,,false,3,9,0,,Wärmeperiode im Winter,1759-01-20 00:00:00.000,6,5,3002987,BH
1,5,4,Wü,,false,3,9,0,,Feuersbrunst,1761-08-19 00:00:00.000,66,5,2004934,EK
1,5,4,Wü,,false,3,9,0,,Feuersbrunst (Neuebau in Stuttgart),1758-01-11 00:00:00.000,3,3,3002119,hjh
1,5,4,Wü,,false,3,9,0,,Sturmwind,1756-03-06 00:00:00.000,19,4,1000848,MF
1,5,5,Bb,,false,3,9,0,,Brand nach anzünde d. Magazins,1758-06-14 00:00:00.000,47,4,3007421,hjh
1,5,5,Bb,,false,3,9,0,,Feuersbrunst,1756-12-04 00:00:00.000,97,3,3003089,TC
1,5,5,Bt,,false,3,9,0,,Sturm,1760-12-31 00:00:00.000,105,5,2008209,HJH
1,5,5,Nü,,false,3,9,0,,Sturmwind,1756-03-06 00:00:00.000,19,5,1000850,MF
1,5,6,,,false,3,9,0,,Komentenbeobachtung bei Ingolstadt,1760-03-01 00:00:00.000,18,3,4002338,an
1,5,6,,,false,3,9,0,,Überflutung,1762-01-27 00:00:00.000,8,5,4000099,mf
1,5,6,,,false,3,9,0,,Ungewöhnl. Gewitter,1757-06-15 00:00:00.000,48,9,1003255,mf
1,5,6,By,,false,3,9,0,,Blitzeinschlag,1756-06-26 00:00:00.000,51,4,2000224,ek
1,5,6,By,,false,3,9,0,,Feuersbrunst,1756-03-13 00:00:00.000,21,4,1000900,MF
1,5,6,By,,false,3,9,0,,"Unwetter, Hagel",1761-07-01 00:00:00.000,52,9,3012145,hjh
1,5,6,By,,false,3,9,0,,Wärmeperiode im Winter,1759-01-20 00:00:00.000,6,5,3002987,BH
1,5,6,OP,,false,3,9,0,,Einstürz eines Kirchenturm,1759-04-07 00:00:00.000,28,3,5001636,mf
1,5,6,Reg,,false,3,9,0,,Sturmwind (Observation eines Naturforschers),1756-03-10 00:00:00.000,20,9,1000885,MF
1,5,7,,,false,3,9,0,,Erdbeben,1756-02-07 00:00:00.000,11,4,1000522,MF
1,5,7,,,false,3,9,0,,Kometenbeobachtung in Sachsen und Holland,1760-01-30 00:00:00.000,9,4,4002766,an
1,5,7,,,false,3,9,0,,Ungemeine Kälte,1757-02-09 00:00:00.000,12,3,1001624,mf
1,5,7,,,false,3,9,0,,Ungewöhnliche Kälte,1757-02-02 00:00:00.000,10,4,1001553,mf
1,5,7,,Thüringen,false,3,9,0,,Feuerkugel Himmel,1762-08-14 00:00:00.000,65,2,4001379,mf
1,5,7,Anh,,false,3,9,0,,Dessau - Großbrand,1761-10-07 00:00:00.000,80,2,2005499,EK
1,5,7,Eis,,false,3,9,0,,Sturz der frz. Magazin,1762-04-14 00:00:00.000,30,4,4000609,mf
1,5,7,Le,,false,3,9,0,,Feuersbrunst in Bautzen,1760-06-14 00:00:00.000,48,4,2008404,ek
1,5,7,Lsz,,false,3,9,0,,Wirtschaftl. Verlust von Gewitter,1757-06-22 00:00:00.000,50,5,1003329,mf
1,5,7,Sa,,false,3,9,0,,"""Luftzeichen"" und Nordlicht",1759-02-24 00:00:00.000,16,2,5000929,mf
1,5,7,Sa,,false,3,9,0,,Astronomische Beobachtungen:neuer Komet,1760-01-26 00:00:00.000,8,2,4002126,an
1,5,7,Sa,,false,3,9,0,,"Blitzeinschlag (""Wetterstrahl"")",1758-07-22 00:00:00.000,58,4,2001127,ek
1,5,7,Sa,,false,3,9,0,M,Brandkatastrophe durch pr. Artillerie - Schäden,1758-12-06 00:00:00.000,97,10,2004229,EK
1,5,7,Sa,,false,3,9,0,,Eis auf der Elbe,1759-01-17 00:00:00.000,5,9,3002947,BH
1,5,7,Sa,,false,3,9,0,,Eis auf Elbe gebrochen,1758-03-04 00:00:00.000,18,4,3004216,hjh
1,5,7,Sa,,false,3,9,0,,Elbe zugefroren,1758-02-08 00:00:00.000,11,9,3003466,hjh
1,5,7,Sa,,false,3,9,0,,Feuersbrunst,1759-05-19 00:00:00.000,40,2,2008067,MF
1,5,7,Sa,,false,3,9,0,,Feuersbrunst,1759-11-28 00:00:00.000,95,4,3010992,tc
1,5,7,Sa,,false,3,9,0,,Feuersbrunst,1757-08-13 00:00:00.000,65,5,1003896,mf
1,5,7,Sa,,false,3,9,0,,Feuersbrunst,1759-01-10 00:00:00.000,2,2,3002728,BH
1,5,7,Sa,,false,3,9,0,,Feuersbrunst,1758-01-18 00:00:00.000,5,3,3002279,hjh
1,5,7,Sa,,false,3,9,0,,Feuersbrunst,1758-03-08 00:00:00.000,19,4,3004313,hjh
1,5,7,Sa,,false,3,9,0,,Feuersbrunst,1761-06-24 00:00:00.000,50,4,3012037,hjh
1,5,7,Sa,,false,3,9,0,,Feuersbrunst in Torgau,1758-11-18 00:00:00.000,92,4,2003875,Ek
1,5,7,Sa,,false,3,9,0,,Großbrand,1756-08-14 00:00:00.000,65,5,2000739,ek
1,5,7,Sa,,false,3,9,0,,Große Brand in Pirna,1757-05-11 00:00:00.000,38,6,1002806,mf
1,5,7,Sa,,false,3,9,0,,harter Winter,1759-12-08 00:00:00.000,98,2,3011083,tc
1,5,7,Sa,,false,3,9,0,,Komet entdeckt,1758-08-16 00:00:00.000,65,2,2001736,ek
1,5,7,Sa,,false,3,9,0,,Meteorit,1756-09-04 00:00:00.000,71,3,3001243,bh
1,5,7,Sa,,false,3,9,0,,Überschwemmung,1761-04-08 00:00:00.000,28,3,3009827,hjh
1,5,7,Sa,,false,3,9,0,,Überschwemmung Elbe,1758-04-29 00:00:00.000,34,3,3005873,hjh
1,5,7,Sa,,false,3,9,0,,Unwetter,1756-08-25 00:00:00.000,68,10,3000894,bh
1,5,7,Sa,,false,3,9,0,,Wolkenbruch bei Taucha,1761-08-29 00:00:00.000,69,4,2005098,Ek
1,5,7,Sb,,false,3,9,0,,Schweres Gewitter und Donnerschläge,1762-07-31 00:00:00.000,61,5,4001304,mf
1,5,7,SG,,false,3,9,0,,Feuersbrunst,1762-06-12 00:00:00.000,47,4,4000986,mf
1,5,7,SG,,false,3,9,0,,Gewitter und Blitzschlag,1761-07-18 00:00:00.000,57,2,2004645,Ek
1,5,7,SG,,false,3,9,0,,Gewittersturm über Gotha,1760-05-21 00:00:00.000,41,4,2507989,EK
1,5,7,SM,,false,3,9,0,,Erdbeben,1756-01-28 00:00:00.000,8,4,1000381,MF
1,5,7,SW,,false,3,9,0,,Beuerbrunst,1759-01-10 00:00:00.000,3,2,5001082,mf
1,5,7,SW,,false,3,9,0,,Blitzeinschlag,1761-04-11 00:00:00.000,29,5,3009900,hjh
1,5,7,SW,,false,3,9,0,,Großbrand,1756-07-31 00:00:00.000,61,4,2000593,ek
1,5,7,SW,,false,3,9,0,,Hagelschlag,1756-07-24 00:00:00.000,59,4,2000530,ek
1,5,8,,,false,3,9,0,,Erdbeben,1760-01-23 00:00:00.000,7,4,4002106,an
1,5,8,,,false,3,9,0,,Schwerer Sturm um Hannover,1760-12-10 00:00:00.000,99,3,2508387,AN
1,5,8,Bm,,false,3,9,0,,Großbrand - Hann. Nachschubmagazin abgebrannt,1758-08-30 00:00:00.000,69,1,2002032,EK
1,5,8,Bm,,false,3,9,0,,Hann. Heu- und Strohmagazin abgebrannt,1758-08-26 00:00:00.000,68,4,2001970,ek
1,5,8,BwL,,false,3,9,0,,Brand,1756-01-14 00:00:00.000,4,5,1000202,MF
1,5,8,BwL,,false,3,9,0,M,Brand in dem belagerten Harburg,1757-12-21 00:00:00.000,102,4,1005353,mf
1,5,8,BwL,,false,3,9,0,,Erdbeben,1756-03-13 00:00:00.000,21,10,1000920,MF
1,5,8,BwL,,false,3,9,0,,Explosionsunglück,1758-07-22 00:00:00.000,58,3,2001113,ek
1,5,8,BwL,,false,3,9,0,,Feuersbrunst,1757-07-27 00:00:00.000,60,4,1003704,mf
1,5,8,Bwl,,false,3,9,0,,Gewitter,1761-06-13 00:00:00.000,47,4,3011826,hjh
1,5,8,BwL,,false,3,9,0,,Großbrand - Hann. Nachschubmagazin abgebrannt,1758-08-30 00:00:00.000,69,1,2002032,EK
1,5,8,BwL,,false,3,9,0,,Hann. Heu- und Strohmagazin abgebrannt,1758-08-26 00:00:00.000,68,4,2001970,ek
1,5,8,BwL,,false,3,9,0,,Sturm  im Gebiet Niederelbe 7.10.56,1756-10-30 00:00:00.000,87,3,5000085,mf
1,5,8,BwL,,false,3,9,0,M,Verlust der frz. Armee vom Sturmwind,1757-09-07 00:00:00.000,72,4,1004163,mf
1,5,8,Bww,,false,3,9,0,,Starke Kälte,1758-02-15 00:00:00.000,13,3,3003687,hjh
1,5,8,Hb,,false,3,9,0,,"""Donnerwetter"" und Überschwemmung",1759-02-21 00:00:00.000,15,6,5000920,mf
1,5,8,Hb,,false,3,9,0,,Donnerschlag beim Schneewetter,1757-04-02 00:00:00.000,27,3,1002256,mf
1,5,8,Hb,,false,3,9,0,,Eisgang,1757-03-19 00:00:00.000,23,3,1002072,mf
1,5,8,Hb,,false,3,9,0,,Eisstand,1757-01-29 00:00:00.000,9,3,1001510,mf
1,5,8,Hb,,false,3,9,0,,Feuersbrunst vernichtet Magazine in Hamburg,1759-06-30 00:00:00.000,52,2,2006192,jb
1,5,8,Hb,,false,3,9,0,,Gewaltiger Sturm und Überschwemmung bei Cuxhafen,1762-12-04 00:00:00.000,97,3,5001088,mf
1,5,8,Hb,,false,3,9,0,,Gewitter,1761-03-14 00:00:00.000,21,9,3009460,hjh
1,5,8,Hb,,false,3,9,0,,Hagelschlag,1756-07-28 00:00:00.000,60,4,2000550,ek
1,5,8,Hb,,false,3,9,0,,Schaden von der Wasserflut 7.10.56. auf Niederelbe,1756-11-27 00:00:00.000,95,9,5000408,mf
1,5,8,Hb,,false,3,9,0,,Sommerhitze im April,1760-05-07 00:00:00.000,37,2,2507897,EK
1,5,8,Hb,,false,3,9,0,,Sturm,1760-11-05 00:00:00.000,89,5,2007904,HJH
1,5,8,Hb,,false,3,9,0,,Sturmwind,1756-03-06 00:00:00.000,19,4,1000848,MF
1,5,8,Hb,,false,3,9,0,,Treibeis,1758-02-15 00:00:00.000,13,2,3003664,hjh
1,5,8,Hb,,false,3,9,0,,Überschwemmung,1756-02-21 00:00:00.000,15,3,1000709,MF
1,5,8,Hb,,false,3,9,0,,Überschwemmung,1756-02-11 00:00:00.000,12,4,1000571,MF
1,5,8,Hil,,false,3,9,0,,Sturm,1756-07-03 00:00:00.000,53,4,2000301,ek
1,5,8,Hil,,false,3,9,0,,Unwetter und Feuersbrunst,1761-06-06 00:00:00.000,45,5,3011719,hjh
1,5,8,Hol,,false,3,9,0,,"""Donnerwetter"" und Überschwemmung",1759-02-21 00:00:00.000,15,6,5000920,mf
1,5,8,Hol,,false,3,9,0,,Erdbeben in Holstein,1760-01-26 00:00:00.000,8,5,4002141,an
1,5,8,Hol,,false,3,9,0,,Erdbeben in Schleswig,1760-01-12 00:00:00.000,4,4,5001760,mf
1,5,8,Hol,,false,3,9,0,,Sturm und Überschwemmung im Gebiet Niederelbe  6.-7.10.56,1756-10-30 00:00:00.000,87,2,5000081,mf
1,5,8,Hol,,false,3,9,0,,Wasserflut 7.10.56,1756-11-10 00:00:00.000,90,3,5000132,mf
1,5,8,Hol,,false,3,9,0,,Wasserflut 7.10.56,1756-11-06 00:00:00.000,89,4,4001572,mf
1,5,8,Lü,,false,3,9,0,,Feuersbrunst,1756-08-28 00:00:00.000,69,4,3000921,bh
1,5,8,Mb,,false,3,9,0,,Erdbeben,1756-01-17 00:00:00.000,5,4,1000253,MF
1,5,9,,,false,3,9,0,,"""Donnerwetter"" und Sturmwind in Berlin",1759-02-21 00:00:00.000,15,5,5000904,mf
1,5,9,,,false,3,9,0,,"""Luftzeichen"" und Nordlicht",1759-02-24 00:00:00.000,16,2,5000929,mf
1,5,9,,,false,3,9,0,,Brand vom Blitz,1760-07-30 00:00:00.000,61,4,4001681,mf
1,5,9,,,false,3,9,0,M,Brandkatastrophe durch pr. Artillerie - Schäden,1758-12-06 00:00:00.000,97,10,2004229,EK
1,5,9,,,false,3,9,0,,Erdbeben,1756-01-21 00:00:00.000,6,4,1000298,MF
1,5,9,,,false,3,9,0,M,"Explosion des pr. Artillerie-""Laboratoriums"" in Greifswald",1759-05-16 00:00:00.000,39,1,2007929,BH
1,5,9,,,false,3,9,0,,Feuersbrunst,1756-08-28 00:00:00.000,69,4,3000919,bh
1,5,9,,,false,3,9,0,,Komet m. Schweif,1756-08-28 00:00:00.000,69,4,3000923,bh
1,5,9,,,false,3,9,0,M,Pulvermagazin explodiert,1760-10-11 00:00:00.000,82,4,2007525,HJH
1,5,9,,,false,3,9,0,,Sturmwind,1756-03-06 00:00:00.000,19,5,1000850,MF
1,5,9,,,false,3,9,0,M,Wolkenbruch in Böhmen (viel Schaden dem pr. Lager bei Prag),1757-06-15 00:00:00.000,48,5,1003249,mf
1,5,9,Br,,false,3,9,0,,Feuersbrunst,1761-06-06 00:00:00.000,45,3,3011689,hjh
1,5,9,Br,,false,3,9,0,,Feuersbrunst,1759-08-08 00:00:00.000,63,5,2006868,jb
1,5,9,Br,,false,3,9,0,,Gewitter und Hagel,1756-06-30 00:00:00.000,52,4,2000265,ek
1,5,9,Br,,false,3,9,0,M,Großbrand infoge schweren Artilleriebeschüssen,1758-09-16 00:00:00.000,74,10,2002464,EK
1,5,9,Br,,false,3,9,0,,Heuschreckenplage,1760-07-23 00:00:00.000,59,1,4002889,an
1,5,9,Br,,false,3,9,0,,Meteorit,1756-09-04 00:00:00.000,71,3,3001243,bh
1,5,9,Br,,false,3,9,0,,Unwetter beschädigt Kirche,1759-08-11 00:00:00.000,64,3,2006998,jb
1,5,9,HP,,false,3,9,0,,Sturm,1756-03-17 00:00:00.000,22,3,1000943,MF
1,5,9,Lüb,,false,3,9,0,,Erdbeben,1756-01-14 00:00:00.000,4,9,1000213,MF
1,5,9,Mb,,false,3,9,0,,Sturm,1760-12-20 00:00:00.000,102,4,2007979,HJH
1,5,9,Mb,,false,3,9,0,,Sturm und Überschwemmung,1761-03-25 00:00:00.000,24,9,3009619,hjh
1,5,9,Mb,,false,3,9,0,,Überschwemmung,1761-03-25 00:00:00.000,24,9,3009620,hjh
1,5,9,Mbg,,false,3,9,0,,Erdbeben,1756-03-13 00:00:00.000,21,9,1000918,MF
1,5,9,Mbg,,false,3,9,0,,Erdbeben,1756-03-13 00:00:00.000,21,4,1000899,MF
1,5,9,Mbg,,false,3,9,0,,Gewitter,1756-05-12 00:00:00.000,38,5,3000724,hjh
1,5,9,Mbg,,false,3,9,0,,Nordlicht,1758-06-03 00:00:00.000,44,3,3007101,hjh
1,5,9,Mbg,,false,3,9,0,,Nordlicht - Beschreibung,1758-06-03 00:00:00.000,44,3,3007102,hjh
1,5,9,Mbg,,false,3,9,0,,Starke Kälte,1758-02-11 00:00:00.000,12,9,3003551,hjh
1,5,9,P,,false,3,9,0,,Feuersbrunst,1758-06-21 00:00:00.000,49,4,3007711,hjh
1,5,9,P,,false,3,9,0,,Orkan in Hinterpommern,1760-09-13 00:00:00.000,74,9,5000790,mf
1,5,9,Sl,,false,3,9,0,,Feuersbrunst,1761-04-25 00:00:00.000,33,3,3010284,hjh
1,5,9,Sl,,false,3,9,0,M,Feuersbrunst im pr. Rüstungsmagazin,1757-02-05 00:00:00.000,11,5,1001587,mf
1,5,9,Sl,,false,3,9,0,,Feuersbrunst in Breslau,1759-06-23 00:00:00.000,50,6,2006079,jb
1,5,9,Sl,,false,3,9,0,,Feuersbrunst in Glogau,1758-06-03 00:00:00.000,44,4,3007107,hjh
1,5,9,Sl,,false,3,9,0,,Gewitter mit starkem Hagel,1760-07-23 00:00:00.000,59,2,4002890,an
1,5,9,Sl,,false,3,9,0,,Großbrand,1758-07-05 00:00:00.000,53,3,2000767,ek
1,5,9,Sl,,false,3,9,0,,Sturm,1756-03-17 00:00:00.000,22,3,1000943,MF
1,5,9,VP,,false,3,9,0,,Wasserflut,1756-01-07 00:00:00.000,2,4,1000086,MF
1,6,1,,,false,3,9,0,,Brand,1757-05-11 00:00:00.000,38,3,1002789,mf
1,6,1,,,false,3,9,0,,Brand d. Gnesener Metropolitankirche,1761-02-21 00:00:00.000,15,3,3008834,hjh
1,6,1,,,false,3,9,0,,Brand in Königsberg,1760-04-16 00:00:00.000,31,4,4002651,an
1,6,1,,,false,3,9,0,,Dammbruch,1761-04-15 00:00:00.000,30,9,3009963,hjh
1,6,1,,,false,3,9,0,,Feuersbrunst,1761-04-22 00:00:00.000,32,9,3010109,hjh
1,6,1,,,false,3,9,0,,Feuersbrunst,1756-04-28 00:00:00.000,34,5,3000495,hjh
1,6,1,,,false,3,9,0,,Feuersbrunst,1756-09-15 00:00:00.000,74,4,3001438,BH
1,6,1,,,false,3,9,0,,Feuersbrunst,1761-04-22 00:00:00.000,32,9,3010110,hjh
1,6,1,,,false,3,9,0,,Feuersbrunst,1756-10-30 00:00:00.000,87,3,5000083,mf
1,6,1,,,false,3,9,0,,Gewitter,1759-08-01 00:00:00.000,61,6,2006765,jb
1,6,1,,,false,3,9,0,,Gewitter,1756-08-18 00:00:00.000,66,5,3000751,bh
1,6,1,,,false,3,9,0,,Luftzeichen in Gestalt einer feurigen Säule,1759-10-06 00:00:00.000,80,5,3009090,tc
1,6,1,,,false,3,9,0,,Meteorit,1756-09-04 00:00:00.000,71,3,3001243,bh
1,6,1,,,false,3,9,0,,Pulverexplosion in Thorn,1760-05-24 00:00:00.000,42,1,2008334,MF
1,6,1,,,false,3,9,0,,Sturm,1756-03-17 00:00:00.000,22,3,1000943,MF
1,6,1,,,false,3,9,0,,Überschwemmung,1761-04-08 00:00:00.000,28,2,3009820,hjh
1,6,1,,,false,3,9,0,,Überschwemmung,1756-01-31 00:00:00.000,9,4,1000426,MF
1,6,1,,,false,3,9,0,,Ungewöhnliche Kälte,1757-02-23 00:00:00.000,16,4,1001801,mf
1,6,1,,,false,3,9,0,,Unwetter,1759-09-01 00:00:00.000,70,4,3006795,tc
1,6,1,,,false,3,9,0,,Unwetter,1756-07-14 00:00:00.000,56,4,2000406,ek
1,6,1,,,false,3,9,0,,"Unwetter, Glaube an Erdbeben",1756-05-22 00:00:00.000,41,4,3001052,hjh
1,6,1,D,,false,3,9,0,,Überschwemmung,1757-04-06 00:00:00.000,28,4,1002304,mf
1,6,1,L,,false,3,9,0,,Brand der Stadt Wilna,1760-08-02 00:00:00.000,62,3,5000426,mf
1,6,3,,,false,3,9,0,,Überschwemmung,1761-04-15 00:00:00.000,30,9,3009964,hjh
1,6,3,,,false,3,9,0,,Überschwemmung,1761-04-15 00:00:00.000,30,9,3009962,hjh
1,6,3,,,false,3,9,0,,Unmenge Schnee,1758-02-22 00:00:00.000,15,1,3003854,hjh
1,6,4,,,false,3,9,0,,Erdbeben,1759-07-21 00:00:00.000,58,6,4001941,jb
1,6,4,,,false,3,9,0,,Erdbeben bei Göny und Neßmühl,1758-10-25 00:00:00.000,85,5,2003350,EK
1,6,4,,,false,3,9,0,,Hochwasser in Österreich,1761-08-22 00:00:00.000,67,6,2004979,EK
1,6,4,,,false,3,9,0,,Stadt Neusohl niedergebrannt,1761-08-15 00:00:00.000,65,5,2004910,EK
1,6,5,,,false,3,9,0,,"""Feuerklumpen"" steigt aus d. Erde",1761-06-24 00:00:00.000,50,1,3012014,hjh
1,6,5,,,false,3,9,0,,Brand,1759-12-26 00:00:00.000,103,5,3011315,tc
1,6,5,,,false,3,9,0,,Erdbeben,1757-02-19 00:00:00.000,15,4,1001763,mf
1,6,5,,,false,3,9,0,,Erdbeben,1761-06-24 00:00:00.000,50,1,3012011,hjh
1,6,5,,,false,3,9,0,,Feuersbrunst,1761-04-18 00:00:00.000,31,1,3009979,hjh
1,6,5,,,false,3,9,0,,Feuersbrunst,1759-12-15 00:00:00.000,100,5,3011176,tc
1,6,5,,,false,3,9,0,,Großbrand,1756-06-30 00:00:00.000,52,1,2000245,ek
1,6,5,,"Griechenland, Saloniki",false,3,9,0,,Erdbeben,1760-12-31 00:00:00.000,105,9,2008220,HJH
1,6,6,,,false,3,9,0,,Seuche verursacht Massenflucht,1758-10-28 00:00:00.000,86,5,2003442,ek
1,6,8,,,false,3,9,0,,Brand des großen Seemagazins in Cronstadt,1762-01-09 00:00:00.000,3,4,1005544,mf
1,6,8,,,false,3,9,0,,Brand in Moskau,1757-03-05 00:00:00.000,19,2,1001906,mf
1,6,8,,,false,3,9,0,,Eisbruch auf der Newa,1760-06-07 00:00:00.000,46,2,2508296,EK
1,6,8,,,false,3,9,0,,Großbrand,1756-06-26 00:00:00.000,51,3,2000213,ek
1,6,8,,,false,3,9,0,M,Großbrand infoge schweren Artilleriebeschüssen,1758-09-16 00:00:00.000,74,10,2002464,EK
1,6,8,,,false,3,9,0,,Hochwasser,1759-01-24 00:00:00.000,8,1,3003594,bh
1,6,8,,,false,3,9,0,,Kirchturm eingestürzt,1758-09-06 00:00:00.000,71,6,2002224,EK
1,6,8,,,false,3,9,0,,Maßnahmen gegen Pest in Persien,1759-05-12 00:00:00.000,38,5,2508050,BH
1,6,8,,,false,3,9,0,,Nordlicht,1760-09-20 00:00:00.000,76,9,2006987,hjh
1,6,8,,,false,3,9,0,,Petersburger Winter 1758/1759,1759-03-17 00:00:00.000,22,4,5001433,mf
1,6,8,,,false,3,9,0,,Pulverexplosion in Thorn,1760-05-24 00:00:00.000,42,1,2008334,MF
1,6,8,,,false,3,9,0,,Russ. Kriegsschiff explodiert,1758-10-14 00:00:00.000,82,3,2003103,ek
1,6,8,,,false,3,9,0,,Treibeis auf der Newa,1760-06-28 00:00:00.000,52,9,5001795,mf
1,6,8,,,false,3,9,0,,Treibeis in der Neva-Fluß,1757-01-05 00:00:00.000,2,4,1001152,MF
1,6,8,,,false,3,9,0,,Ungewöhliche Kälte in der Ukraine,1760-07-26 00:00:00.000,60,3,4002782,an
1,7,0,,,false,3,9,0,,Sturm,1761-02-04 00:00:00.000,10,2,3008569,hjh
1,7,2,,,false,3,9,0,,,1757-10-29 00:00:00.000,87,1,1004713,mf
1,7,2,,,false,3,9,0,,Sturm,1761-01-17 00:00:00.000,5,9,3008257,hjh
1,7,3,,,false,3,9,0,,Orkan,1761-01-10 00:00:00.000,3,2,3008137,hjh
1,7,3,,,false,3,9,0,,Orkan,1761-01-07 00:00:00.000,2,2,3008093,hjh
1,7,5,,,false,3,9,0,P,,1758-02-15 00:00:00.000,13,1,3003652,hjh
1,7,5,,,false,3,9,0,P,"Seestrürme im Mittelmeer, dän. und engl. Flotte beschädigt.",1760-01-26 00:00:00.000,8,4,4002136,an
1,7,5,,,false,3,9,0,,Seesturm,1759-02-14 00:00:00.000,13,9,3004825,bh
1,7,5,,,false,3,9,0,,Sturm,1756-05-12 00:00:00.000,38,1,3000670,hjh
1,7,5,,,false,3,9,0,,Sturm,1761-01-28 00:00:00.000,8,1,3008490,hjh
1,7,5,,,false,3,9,0,,Sturm vor Cartagena,1758-02-04 00:00:00.000,10,3,3002848,hjh
1,7,5,,,false,3,9,0,,Sturm-und Überschwemmungen,1760-02-20 00:00:00.000,15,1,4002265,an
1,7,5,,,false,3,9,0,P,Verlust bei der engl. Flotte verursacht durch Sturm,1759-10-27 00:00:00.000,86,5,3010144,tc
1,7,5,,,false,3,9,0,P,Verlust von Schiffen durch Seesturm,1759-02-14 00:00:00.000,13,9,3004826,bh
1,7,7,,,false,3,9,0,,Sturm,1758-02-08 00:00:00.000,11,4,3003421,hjh
2,1,0,,,false,3,9,0,,Brand in Konstantinopel,1758-05-24 00:00:00.000,41,9,3006632,hjh
2,1,0,,,false,3,9,0,,Brand in Konstantinopel,1760-05-24 00:00:00.000,42,4,2008346,MF
2,1,0,,,false,3,9,0,,Erdbeben,1756-11-06 00:00:00.000,89,1,4001540,mf
2,1,0,,,false,3,9,0,,Erdbebenmeldung von nordafrikan. Küste,1760-03-08 00:00:00.000,20,3,4002389,an
2,1,0,,,false,3,9,0,,Feuersbrunst,1756-09-01 00:00:00.000,70,1,3000933,bh
2,1,0,,,false,3,9,0,,Feuersbrunst in Konstantinopel,1759-03-03 00:00:00.000,18,2,5001277,mf
2,1,0,,,false,3,9,0,,Feuersbrunst in Konstantinopel,1762-10-27 00:00:00.000,86,1,5000802,mf
2,1,0,,,false,3,9,0,,Feuersbrunst in Konstantinopel,1762-11-03 00:00:00.000,88,1,5000830,mf
2,1,1,,,false,3,9,0,,Ansteckende Seuche/Pest,1758-10-04 00:00:00.000,79,1,2002818,ek
2,1,1,,,false,3,9,0,,Erdbeben,1756-12-18 00:00:00.000,101,1,3006400,tc
2,1,1,,,false,3,9,0,,Erdbeben,1756-12-18 00:00:00.000,101,2,3006415,tc
2,1,4,,,false,3,9,0,,Erdbeben im Heiligen Land,1760-03-05 00:00:00.000,19,3,4002364,an
2,1,4,,,false,3,9,0,,Erdbebenmeldung aus Syrien,1760-03-29 00:00:00.000,26,9,4002539,an
3,1,1,,,false,3,9,0,,,1759-08-04 00:00:00.000,62,10,2006839,jb
3,1,1,,,false,3,9,0,P,engl. Flotte durch Sturm zerstreut,1759-10-24 00:00:00.000,85,6,3009296,tc
3,1,1,,,false,3,9,0,,Erdbeben,1756-01-24 00:00:00.000,7,9,1000358,MF
3,1,1,,,false,3,9,0,,Großbrand,1756-08-11 00:00:00.000,64,1,2000671,ek
3,1,1,,,false,3,9,0,,Großbrand in Boston durch Pulverexplosion,1760-06-11 00:00:00.000,47,1,2008367,EK
3,1,1,,,false,3,9,0,,Heißer Nebel,1758-06-03 00:00:00.000,44,4,3007123,hjh
3,1,1,,,false,3,9,0,,Hitze,1756-10-16 00:00:00.000,83,3,3001816,BH
3,1,1,,,false,3,9,0,,Komet,1759-06-20 00:00:00.000,49,4,2006027,jb
3,1,1,,,false,3,9,0,,Stadtbrand in Boston,1760-06-07 00:00:00.000,46,4,2508311,EK
3,1,1,,,false,3,9,0,,Überschwemmungen in Engl.-Carolina,1761-10-24 00:00:00.000,85,2,2005842,EK
3,1,3,,,false,3,9,0,P,engl. Flotte durch Sturm zerstreut,1759-10-24 00:00:00.000,85,6,3009296,tc
3,2,1,,,false,3,9,0,P,Engl. Schiffe auf Weg nach Brasilien gestrandet,1760-04-02 00:00:00.000,27,2,4002546,an
3,2,2,,,false,3,9,0,,Erdbeben,1756-03-20 00:00:00.000,23,1,1000964,MF
3,2,2,,,false,3,9,0,M,Erdbeben,1756-01-03 00:00:00.000,1,1,1000001,MF
3,2,2,,,false,3,9,0,,Erdbeben,1756-04-21 00:00:00.000,32,1,3000324,hjh
3,2,2,,,false,3,9,0,,Erdbeben,1762-04-21 00:00:00.000,32,1,4000639,mf
3,2,2,,,false,3,9,0,,Großbrand in Lima,1756-07-21 00:00:00.000,58,1,2000456,ek
3,2,2,,Peru,false,3,9,0,,Großbrand,1756-07-10 00:00:00.000,55,1,2000355,ek
3,2,5,,,false,3,9,0,,Erdbeben,1756-05-01 00:00:00.000,35,2,3000529,hjh
3,3,1,,,false,3,9,0,,Erdbeben zu Barbados,1757-11-19 00:00:00.000,93,9,1004993,mf
3,3,1,,,false,3,9,0,,Feuersbrunst,1758-06-14 00:00:00.000,47,5,3007433,hjh
3,3,1,,,false,3,9,0,,Feuersbrunst,1756-05-12 00:00:00.000,38,2,3000701,hjh
3,3,3,,,false,3,9,0,,Feuersbrunst,1759-12-15 00:00:00.000,100,9,3011194,tc
3,3,3,,,false,3,9,0,,Sturmwind auf der Insel Martinique (ausführlich),1757-04-02 00:00:00.000,27,9,1002278,mf
4,0,2,,Oran,false,3,9,0,,Erdbeben,1756-01-21 00:00:00.000,6,2,1000273,MF
4,1,0,,,false,3,9,0,,Erdbeb .,1756-03-03 00:00:00.000,18,1,1000791,MF
4,1,0,,,false,3,9,0,,Erdbeben,1756-01-21 00:00:00.000,6,1,1000270,MF
4,1,0,,,false,3,9,0,,Erdbeben,1756-01-31 00:00:00.000,9,1,1000398,MF
4,1,0,,,false,3,9,0,,Erdbeben,1756-01-28 00:00:00.000,8,2,1000368,MF
4,1,0,,,false,3,9,0,,Erdbeben,1756-01-24 00:00:00.000,7,1,1000328,MF
4,1,0,,,false,3,9,0,,Erdbebenmeldung von nordafrikan. Küste,1760-03-08 00:00:00.000,20,3,4002389,an
4,1,4,,,false,3,9,0,,Erdbeben,1758-04-15 00:00:00.000,30,5,3005513,hjh
4,1,4,,,false,3,9,0,,Erdbeben,1756-01-10 00:00:00.000,3,1,1000116,MF
4,1,4,,,false,3,9,0,,Erdbeben,1756-01-28 00:00:00.000,8,2,1000368,MF
4,1,4,,,false,3,9,0,,Erdbeben,1756-07-31 00:00:00.000,61,1,2000570,ek
4,1,4,,Constantina,false,3,9,0,,Erdbeben,1758-02-18 00:00:00.000,14,3,3003780,hjh
4,1,5,,,false,3,9,0,,Erdbeben,1756-01-24 00:00:00.000,7,1,1000328,MF
4,1,5,,,false,3,9,0,,Erdbeben,1756-01-31 00:00:00.000,9,1,1000398,MF
4,1,5,,,false,3,9,0,,Erdbeben,1756-01-14 00:00:00.000,4,3,1000190,MF
4,1,5,,,false,3,9,0,,Erdbeben,1756-01-24 00:00:00.000,7,4,1000344,MF
4,1,5,,,false,3,9,0,,Erdbeben,1756-01-14 00:00:00.000,4,1,1000173,MF
4,1,5,,,false,3,9,0,,Überflutung,1756-01-10 00:00:00.000,3,2,1000118,MF
7,1,0,,,false,3,9,0,,Erdbeben,1756-01-24 00:00:00.000,7,3,1000341,MF
7,1,0,,,false,3,9,0,,Erdbeben,1756-01-21 00:00:00.000,6,1,1000270,MF
7,1,0,,,false,3,9,0,,Sturm,1758-05-24 00:00:00.000,41,9,3006623,hjh
7,1,2,,Kanarische In.,false,3,9,0,,Erdbeben,1756-01-24 00:00:00.000,7,1,1000328,MF
7,1,2,,Kanarische Inseln,false,3,9,0,,Erdbeben,1756-01-21 00:00:00.000,6,1,1000270,MF
7,1,5,,Aoreniseln,false,3,9,0,,Erdbeben,1757-11-05 00:00:00.000,89,4,1004793,mf
7,1,5,,Azorische Insel,false,3,9,0,,Erdbeben,1757-11-12 00:00:00.000,91,5,1004896,mf
7,1,5,,Azorische Inseln,false,3,9,0,,Erdbeben,1756-01-21 00:00:00.000,6,1,1000270,MF
7,1,5,,Azorische Inseln,false,3,9,0,,Erdbeben,1757-12-10 00:00:00.000,99,1,1005221,mf
7,1,5,,Azorische Inseln,false,3,9,0,,Erdbeben auf den Azorischen Inseln (ausführl. Relation),1757-12-17 00:00:00.000,101,9,1005326,mf
7,1,5,,"Fonzala, In.",false,3,9,0,,Erdbeben,1756-02-18 00:00:00.000,14,1,1000644,MF
7,1,5,,"Madera, In.",false,3,9,0,,Erdbeben,1756-01-21 00:00:00.000,6,1,1000270,MF
7,3,0,,,false,3,9,0,,Feuerball vom Himmel,1762-06-23 00:00:00.000,50,2,4001036,mf
